{"type":"FeatureCollection","name":"sea_bright_road_centerlines","metadata":{"source":"NJOGIS NG911 Road Centerlines (Tran_road)","url":"https://services2.arcgis.com/XVOqAjTOJ5P6ngMu/arcgis/rest/services/Tran_road/FeatureServer/0","query_url":"https://services2.arcgis.com/XVOqAjTOJ5P6ngMu/arcgis/rest/services/Tran_road/FeatureServer/0/query","retrieved_at_utc":"2026-09-04T20:06:01.337587+00:00","source_last_edit_date":1785341586960,"out_sr":4326,"query_envelope_wgs84":[-73.9910699,40.3458644,-73.971331,40.3994542],"spatial_relationship":"esriSpatialRelIntersects","boundary_file":"sea_bright_boundary.geojson","boundary_sha256":"6c871c1284aac50468f1cafb80198a4e5c2d1130a4351efecca0d82811f77d27","fields":["OBJECTID","PRIMENAME","ELEVTYP_F","ELEVTYP_T"],"feature_count":397,"complete_objectid_inventory_verified":true,"municipal_clipping":"Envelope selection only; clip against the actual municipal boundary in the application."},"features":[{"type":"Feature","id":187,"properties":{"OBJECTID":187,"PRIMENAME":"FR CR 36 SB TO HIGHLAND AVE","ELEVTYP_F":0,"ELEVTYP_T":0},"geometry":{"type":"LineString","coordinates":[[-73.981607073554,40.3964839874929],[-73.9816666527936,40.3964382407627],[-73.981716826656,40.3964223234486],[-73.9817259945506,40.3964206902461],[-73.981825966168,40.3963941127094]]}},{"type":"Feature","id":208,"properties":{"OBJECTID":208,"PRIMENAME":"Unnamed Segment","ELEVTYP_F":0,"ELEVTYP_T":0},"geometry":{"type":"LineString","coordinates":[[-73.9822944219236,40.3899151942638],[-73.98227142186,40.390024194321],[-73.9822584196029,40.3901371938598],[-73.9822524234969,40.3901841932017],[-73.9822594211462,40.3902741942925],[-73.9822814210472,40.3903391931444],[-73.9823334218307,40.3903881939775],[-73.9823994219131,40.3904051936498],[-73.9824994223588,40.3904011947429],[-73.9825974208786,40.3903621931989],[-73.9828434206352,40.3901981940138],[-73.9828734224494,40.3901821940618],[-73.9829284200366,40.3901521945944],[-73.9830504223655,40.3900861942336],[-73.9832694221779,40.389995194857]]}},{"type":"Feature","id":209,"properties":{"OBJECTID":209,"PRIMENAME":"Unnamed Segment","ELEVTYP_F":0,"ELEVTYP_T":0},"geometry":{"type":"LineString","coordinates":[[-73.9840235707261,40.3955889754437],[-73.9840284230249,40.3952441960168],[-73.9840224227315,40.3950061942609],[-73.9839914234097,40.3948081955629],[-73.9839314212358,40.3945381943313]]}},{"type":"Feature","id":1805,"properties":{"OBJECTID":1805,"PRIMENAME":"Unnamed Segment","ELEVTYP_F":0,"ELEVTYP_T":0},"geometry":{"type":"LineString","coordinates":[[-73.9832694221779,40.389995194857],[-73.983383420488,40.3899491940871],[-73.9834494212063,40.3899421937207],[-73.9836594229139,40.3899201940246],[-73.9837294232451,40.389922194374],[-73.9839554220648,40.3899451941535],[-73.9840174234364,40.3899471946576],[-73.9840594212768,40.389942193442],[-73.9841024217309,40.389924194096],[-73.9841244228605,40.3899041934915],[-73.9841404212343,40.3898741932803],[-73.9841414231427,40.3898561929881],[-73.9841154203513,40.3898141943671],[-73.9840584220815,40.389786193949],[-73.9836144233838,40.3896761943269],[-73.9835304222973,40.3896631930636],[-73.9833904210052,40.38965919298],[-73.9831304220249,40.3896761944141],[-73.9830464212054,40.3896811939597]]}},{"type":"Feature","id":2343,"properties":{"OBJECTID":2343,"PRIMENAME":"Ocean Avenue","ELEVTYP_F":0,"ELEVTYP_T":0},"geometry":{"type":"LineString","coordinates":[[-73.9741016736269,40.3653763587852],[-73.9741039292748,40.3656957708602]]}},{"type":"Feature","id":2686,"properties":{"OBJECTID":2686,"PRIMENAME":"Unnamed Segment","ELEVTYP_F":0,"ELEVTYP_T":0},"geometry":{"type":"LineString","coordinates":[[-73.9759884179522,40.3473431850108],[-73.9759714158759,40.347424185375],[-73.9759584166223,40.3476121857494],[-73.9759514155639,40.3477121855915],[-73.9759684164166,40.3477531863392],[-73.9760024165185,40.3477871849912],[-73.976050415653,40.3478101852689],[-73.976105416514,40.3478191869199],[-73.9761604169249,40.3478131855199],[-73.9762094180711,40.3477921854258],[-73.9762474179023,40.3477601853956],[-73.9762644177384,40.347731185798],[-73.9762734168005,40.3476491863625],[-73.9762754177508,40.3476021860098],[-73.9762844168537,40.3473991860774],[-73.9762744151741,40.3473721861439],[-73.9761844169628,40.3472881865902]]}},{"type":"Feature","id":3046,"properties":{"OBJECTID":3046,"PRIMENAME":"Evergreen Drive","ELEVTYP_F":0,"ELEVTYP_T":0},"geometry":{"type":"LineString","coordinates":[[-73.9911465563033,40.3713168574137],[-73.9911780355106,40.3713977037424],[-73.9913511356597,40.3718426351724],[-73.9914788294168,40.3722786637189],[-73.9918064243396,40.3733817975717],[-73.991835552605,40.3734797087142]]}},{"type":"Feature","id":3058,"properties":{"OBJECTID":3058,"PRIMENAME":"Normandie Place","ELEVTYP_F":0,"ELEVTYP_T":0},"geometry":{"type":"LineString","coordinates":[[-73.9753638677987,40.3824330498692],[-73.9753139518768,40.3816812509782]]}},{"type":"Feature","id":3617,"properties":{"OBJECTID":3617,"PRIMENAME":"Island View Way","ELEVTYP_F":0,"ELEVTYP_T":0},"geometry":{"type":"LineString","coordinates":[[-73.9738494684538,40.3483345811202],[-73.9739712332488,40.3483359860752],[-73.9746501257984,40.3483438477791],[-73.9747185794775,40.3483584609947],[-73.9747432941631,40.3483824017189],[-73.974743497294,40.3483827719077]]}},{"type":"Feature","id":4142,"properties":{"OBJECTID":4142,"PRIMENAME":"Ocean Avenue","ELEVTYP_F":0,"ELEVTYP_T":0},"geometry":{"type":"LineString","coordinates":[[-73.9757343362204,40.3930251412609],[-73.9757344551866,40.3930260532507],[-73.9758061744797,40.3935825468412],[-73.9758168025939,40.3936704121767]]}},{"type":"Feature","id":4223,"properties":{"OBJECTID":4223,"PRIMENAME":"Thompson Street","ELEVTYP_F":0,"ELEVTYP_T":0},"geometry":{"type":"LineString","coordinates":[[-73.9820073806315,40.3951756079109],[-73.9821332618922,40.3951984194125],[-73.9823014319551,40.3952182237344],[-73.9824571063885,40.3952379998056],[-73.9826627254278,40.3952436690044],[-73.9827444995677,40.3952459288796]]}},{"type":"Feature","id":5234,"properties":{"OBJECTID":5234,"PRIMENAME":"South Ward Avenue","ELEVTYP_F":0,"ELEVTYP_T":0},"geometry":{"type":"LineString","coordinates":[[-73.9800225075539,40.3643024245021],[-73.9799831268458,40.364374006508],[-73.9798948964818,40.3645022762215],[-73.9797693054881,40.3646351539467],[-73.9796624137453,40.364758590419],[-73.9795680482712,40.3648725579133],[-73.9794606044874,40.3650722522017],[-73.9794100968316,40.3651577844787],[-73.9794465028111,40.3652771165664]]}},{"type":"Feature","id":5650,"properties":{"OBJECTID":5650,"PRIMENAME":"Grant Avenue","ELEVTYP_F":0,"ELEVTYP_T":0},"geometry":{"type":"LineString","coordinates":[[-73.9798698476073,40.362471005623],[-73.9795119896575,40.3624416692488],[-73.9786278048162,40.36237095143],[-73.9785298681461,40.3623383090382]]}},{"type":"Feature","id":5682,"properties":{"OBJECTID":5682,"PRIMENAME":"Longview Way","ELEVTYP_F":0,"ELEVTYP_T":0},"geometry":{"type":"LineString","coordinates":[[-73.9756095378236,40.3487580853228],[-73.9756057573154,40.3488200265666],[-73.9755629828687,40.3495108784589]]}},{"type":"Feature","id":5942,"properties":{"OBJECTID":5942,"PRIMENAME":"South Way","ELEVTYP_F":0,"ELEVTYP_T":0},"geometry":{"type":"LineString","coordinates":[[-73.9761793674601,40.3914407586165],[-73.9761757476503,40.3914121918376],[-73.9761518258729,40.3912282127062],[-73.9761688735918,40.3912057243238],[-73.9761985350792,40.3911864777503],[-73.9762703154309,40.3911803794891],[-73.9762709188518,40.3911803362893],[-73.9773804212411,40.3911015097754]]}},{"type":"Feature","id":7533,"properties":{"OBJECTID":7533,"PRIMENAME":"Osprey Lane","ELEVTYP_F":0,"ELEVTYP_T":0},"geometry":{"type":"LineString","coordinates":[[-73.9923845736239,40.3592042010726],[-73.9921677683615,40.3589152246795],[-73.9919338298263,40.3585472208662],[-73.9915818714879,40.3581215165476],[-73.9912859681521,40.3577055829616]]}},{"type":"Feature","id":7554,"properties":{"OBJECTID":7554,"PRIMENAME":"Washington Avenue","ELEVTYP_F":0,"ELEVTYP_T":0},"geometry":{"type":"LineString","coordinates":[[-73.9801131790913,40.3633424583818],[-73.9804083231822,40.3633655263639],[-73.9812426398982,40.3634407560277]]}},{"type":"Feature","id":10070,"properties":{"OBJECTID":10070,"PRIMENAME":"Unnamed Segment","ELEVTYP_F":0,"ELEVTYP_T":0},"geometry":{"type":"LineString","coordinates":[[-73.9833418476107,40.3901222263793],[-73.9833064226957,40.3900591950877],[-73.9832694221779,40.389995194857]]}},{"type":"Feature","id":10294,"properties":{"OBJECTID":10294,"PRIMENAME":"Bay Avenue","ELEVTYP_F":0,"ELEVTYP_T":0},"geometry":{"type":"LineString","coordinates":[[-73.981773693358,40.3972676518333],[-73.9817789132208,40.3972106357565],[-73.9817793785643,40.3971499417638],[-73.9817901692716,40.3971148884943],[-73.981795469676,40.3970845470964],[-73.9817993404321,40.3970730558752],[-73.9818021215973,40.3970613817674]]}},{"type":"Feature","id":10847,"properties":{"OBJECTID":10847,"PRIMENAME":"Ocean Avenue","ELEVTYP_F":0,"ELEVTYP_T":0},"geometry":{"type":"LineString","coordinates":[[-73.9739908609722,40.3459736998496],[-73.9739878600627,40.3460663414648],[-73.9739765805871,40.3463129178338],[-73.9739457740658,40.3467153538014]]}},{"type":"Feature","id":16338,"properties":{"OBJECTID":16338,"PRIMENAME":"Waterman Avenue","ELEVTYP_F":0,"ELEVTYP_T":0},"geometry":{"type":"LineString","coordinates":[[-73.9822271441836,40.359356003655],[-73.9816178569418,40.3595461229401]]}},{"type":"Feature","id":16926,"properties":{"OBJECTID":16926,"PRIMENAME":"Oyster Bay Drive","ELEVTYP_F":0,"ELEVTYP_T":0},"geometry":{"type":"LineString","coordinates":[[-73.9853164205519,40.3592775265219],[-73.9853179026801,40.3593091305562],[-73.9853232409856,40.3594235186115],[-73.9853289418665,40.3594950284214],[-73.9853160182935,40.3595569291958],[-73.9852764827219,40.3596027628592],[-73.9852026338655,40.3596446277361],[-73.9850909059613,40.3596607932606],[-73.9850163133522,40.3596683949545],[-73.9849495957449,40.3596786669664],[-73.9848828103001,40.3596976947382],[-73.9848291480479,40.3597247093318],[-73.984827405946,40.359725586909],[-73.9847259300118,40.3597761124365]]}},{"type":"Feature","id":19391,"properties":{"OBJECTID":19391,"PRIMENAME":"Navesink Avenue","ELEVTYP_F":0,"ELEVTYP_T":0},"geometry":{"type":"LineString","coordinates":[[-73.9875014664075,40.3682198757734],[-73.9876760979859,40.3691918403011],[-73.9876860838615,40.3692427800801]]}},{"type":"Feature","id":20701,"properties":{"OBJECTID":20701,"PRIMENAME":"Shrewsbury River Bridge","ELEVTYP_F":0,"ELEVTYP_T":0},"geometry":{"type":"LineString","coordinates":[[-73.9745943084651,40.365733768873],[-73.9741039292748,40.3656957708602]]}},{"type":"Feature","id":28233,"properties":{"OBJECTID":28233,"PRIMENAME":"FR CR 36 SB TO HIGHLAND AVE","ELEVTYP_F":0,"ELEVTYP_T":0},"geometry":{"type":"LineString","coordinates":[[-73.981482381035,40.3966647961547],[-73.9814821871591,40.3966584806091],[-73.9814822906866,40.3966521638201],[-73.9814826914833,40.3966458539716],[-73.9814833890296,40.3966395592383],[-73.981484382422,40.3966332877755],[-73.9814856703733,40.3966270477083],[-73.9814872512148,40.396620847121],[-73.9814891228984,40.3966146940468],[-73.981491282999,40.3966085964576],[-73.981493728718,40.3966025622531],[-73.9814964568869,40.3965965992509],[-73.981499463971,40.3965907151765],[-73.9815027460743,40.396584917653],[-73.9815062989448,40.3965792141916],[-73.9815101179793,40.3965736121814],[-73.9815141982299,40.3965681188801]]}},{"type":"Feature","id":40680,"properties":{"OBJECTID":40680,"PRIMENAME":"Ocean Avenue","ELEVTYP_F":0,"ELEVTYP_T":0},"geometry":{"type":"LineString","coordinates":[[-73.9737681450819,40.3591482680374],[-73.9737685017378,40.3592586674753],[-73.9737611692941,40.3596017818439],[-73.9737710380123,40.3596848952958]]}},{"type":"Feature","id":42891,"properties":{"OBJECTID":42891,"PRIMENAME":"Ocean Avenue","ELEVTYP_F":0,"ELEVTYP_T":0},"geometry":{"type":"LineString","coordinates":[[-73.9758833321716,40.3942215584364],[-73.9759050068158,40.3943998938256]]}},{"type":"Feature","id":44440,"properties":{"OBJECTID":44440,"PRIMENAME":"Front Street","ELEVTYP_F":0,"ELEVTYP_T":0},"geometry":{"type":"LineString","coordinates":[[-73.9753540872252,40.3609560148662],[-73.9756925458166,40.3609354316113]]}},{"type":"Feature","id":44708,"properties":{"OBJECTID":44708,"PRIMENAME":"East Ocean Avenue","ELEVTYP_F":0,"ELEVTYP_T":0},"geometry":{"type":"LineString","coordinates":[[-73.9738685978464,40.3614776676448],[-73.9738311713698,40.3615465383178],[-73.9738301336955,40.3616800041544]]}},{"type":"Feature","id":44712,"properties":{"OBJECTID":44712,"PRIMENAME":"Rumson Road","ELEVTYP_F":0,"ELEVTYP_T":0},"geometry":{"type":"LineString","coordinates":[[-73.9881117061453,40.3656385446398],[-73.987781923883,40.3656999487983],[-73.9874216240019,40.365762699228],[-73.9872340256778,40.3657968073355],[-73.987229712582,40.3657975915898],[-73.9871455103539,40.3658079512424],[-73.9870536356766,40.3658172347559]]}},{"type":"Feature","id":44876,"properties":{"OBJECTID":44876,"PRIMENAME":"Poppi Place","ELEVTYP_F":0,"ELEVTYP_T":0},"geometry":{"type":"LineString","coordinates":[[-73.9753350041696,40.3619822216087],[-73.9753352459719,40.3620204362779],[-73.9753383130699,40.3624303330464],[-73.9753386139284,40.362470194364]]}},{"type":"Feature","id":45146,"properties":{"OBJECTID":45146,"PRIMENAME":"Beach Street","ELEVTYP_F":0,"ELEVTYP_T":0},"geometry":{"type":"LineString","coordinates":[[-73.9741704321405,40.3601440319508],[-73.9742532316985,40.3601473183624],[-73.9756663168717,40.360203008653]]}},{"type":"Feature","id":45558,"properties":{"OBJECTID":45558,"PRIMENAME":"Navesink Avenue","ELEVTYP_F":0,"ELEVTYP_T":0},"geometry":{"type":"LineString","coordinates":[[-73.9865719461091,40.363402963808],[-73.9865918910414,40.3635129142344],[-73.9867995307621,40.3646591242899],[-73.9870199107035,40.3656311816869],[-73.9870536356766,40.3658172347559]]}},{"type":"Feature","id":45639,"properties":{"OBJECTID":45639,"PRIMENAME":"Belknap Lane","ELEVTYP_F":0,"ELEVTYP_T":0},"geometry":{"type":"LineString","coordinates":[[-73.9875014664075,40.3682198757734],[-73.9873583820847,40.3681841326029],[-73.9873039415045,40.3681692044256],[-73.9872497574983,40.3681536739269],[-73.9871959005173,40.3681375675383],[-73.9871423328701,40.3681208868943],[-73.9870890604588,40.3681036302202],[-73.9870361138918,40.3680857985529],[-73.9869835308421,40.3680673929606],[-73.9869312746181,40.3680484384991],[-73.9868685340902,40.3680254305189],[-73.9868054285208,40.3680030513376],[-73.9867419606666,40.3679812478286],[-73.9866781291506,40.367960046104],[-73.9866139702609,40.3679394742444],[-73.9865494828118,40.3679195331445],[-73.9864846695872,40.3679001660756],[-73.9864205827646,40.3678817496765]]}},{"type":"Feature","id":46153,"properties":{"OBJECTID":46153,"PRIMENAME":"Hillside Avenue","ELEVTYP_F":0,"ELEVTYP_T":0},"geometry":{"type":"LineString","coordinates":[[-73.9854704248797,40.3944161949408],[-73.9854744209396,40.3945691949882],[-73.9854574213796,40.3946261948729],[-73.9853784226561,40.3948871954061],[-73.9853074212799,40.3951231945063]]}},{"type":"Feature","id":46531,"properties":{"OBJECTID":46531,"PRIMENAME":"Prospect Street","ELEVTYP_F":0,"ELEVTYP_T":0},"geometry":{"type":"LineString","coordinates":[[-73.989451091632,40.3981902197742],[-73.9894890210632,40.3981981012386],[-73.989551639277,40.3981983776797],[-73.9896625173932,40.3981841803186],[-73.9898216914804,40.3981553992968],[-73.9899663403113,40.3981339662731],[-73.9901013940462,40.3981087855153],[-73.9902170919841,40.3980982321591],[-73.9903181806203,40.3981060351288],[-73.9904913801192,40.3981362809526],[-73.9909195159194,40.3982044079947],[-73.9911648925605,40.3982387046178],[-73.991410251446,40.3982802472097],[-73.9915834985919,40.3982994290192],[-73.9917182750382,40.3983110850241],[-73.9918483038291,40.3983190138652],[-73.9919734775413,40.3983232421059],[-73.9921510561796,40.3983252299217]]}},{"type":"Feature","id":46607,"properties":{"OBJECTID":46607,"PRIMENAME":"Shrewsbury Avenue","ELEVTYP_F":0,"ELEVTYP_T":0},"geometry":{"type":"LineString","coordinates":[[-73.983914568552,40.3985508977157],[-73.9847892433,40.3991124235443],[-73.9848176766648,40.3991318753044]]}},{"type":"Feature","id":46951,"properties":{"OBJECTID":46951,"PRIMENAME":"Grand Tour","ELEVTYP_F":0,"ELEVTYP_T":0},"geometry":{"type":"LineString","coordinates":[[-73.9869021436157,40.3928793790384],[-73.9866514214149,40.3929631950864],[-73.9866179070495,40.392987052936]]}},{"type":"Feature","id":47203,"properties":{"OBJECTID":47203,"PRIMENAME":"Ridge Road","ELEVTYP_F":0,"ELEVTYP_T":0},"geometry":{"type":"LineString","coordinates":[[-73.9876860838615,40.3692427800801],[-73.9882946045372,40.3693438058415],[-73.988574687692,40.3693783993063],[-73.9887614936692,40.3693934995937],[-73.9889173268047,40.3693894941886],[-73.9890482529938,40.369380492527],[-73.9892166129604,40.3693574078239],[-73.9895101921065,40.3692729445037],[-73.9899165009051,40.3690936109136],[-73.9901102345143,40.3690134547545],[-73.9902789869643,40.3689570165803],[-73.9904849217775,40.3689102401981],[-73.9906596684259,40.3688728792558],[-73.9908653509152,40.3688642596863],[-73.9911021135845,40.3688700778879],[-73.9913324529987,40.3688996966662],[-73.9915564405891,40.3689387843814],[-73.9917926672161,40.3690113070186],[-73.992016368428,40.3690933273175],[-73.992184011161,40.3691798501566],[-73.9923328484294,40.3692710402148],[-73.9925124453353,40.369414824132],[-73.9926550030472,40.369515538477],[-73.9927976681905,40.3696019787666],[-73.9929777670017,40.3696837510294],[-73.993141428398,40.3697432977655],[-73.9931766359684,40.369756107051],[-73.9934004484287,40.3698238228871],[-73.9936430679436,40.3698820674762],[-73.9938982841775,40.3699117900635],[-73.9940663585668,40.3699315768408],[-73.9942781469413,40.3699420283977],[-73.9944962866515,40.3699334568497],[-73.9946584369362,40.3699151141129],[-73.9948023664173,40.3698855181322]]}},{"type":"Feature","id":47223,"properties":{"OBJECTID":47223,"PRIMENAME":"Rumson Road","ELEVTYP_F":0,"ELEVTYP_T":0},"geometry":{"type":"LineString","coordinates":[[-73.9778562316386,40.3651054563309],[-73.977594380295,40.3650828429426]]}},{"type":"Feature","id":47426,"properties":{"OBJECTID":47426,"PRIMENAME":"Rumson Road","ELEVTYP_F":0,"ELEVTYP_T":0},"geometry":{"type":"LineString","coordinates":[[-73.9794465028111,40.3652771165664],[-73.9793889287372,40.3652456175661],[-73.9793186414408,40.3652291588484],[-73.9790178618852,40.3652055682378]]}},{"type":"Feature","id":47784,"properties":{"OBJECTID":47784,"PRIMENAME":"Tennis Court Lane","ELEVTYP_F":0,"ELEVTYP_T":0},"geometry":{"type":"LineString","coordinates":[[-73.9836916102195,40.3655687691127],[-73.9836778180654,40.3656642121603],[-73.9834193646988,40.36745283179],[-73.9833656525125,40.3677704832567],[-73.9833358658237,40.3679488412672],[-73.9833065074256,40.3680663138563],[-73.9831557376703,40.3684227330719],[-73.9831259483155,40.3684931232751]]}},{"type":"Feature","id":47887,"properties":{"OBJECTID":47887,"PRIMENAME":"Ocean Avenue","ELEVTYP_F":0,"ELEVTYP_T":0},"geometry":{"type":"LineString","coordinates":[[-73.9741704321405,40.3601440319508],[-73.9741729440807,40.3600563617098],[-73.9741754988753,40.359727528805],[-73.9741759183777,40.359673533273]]}},{"type":"Feature","id":48662,"properties":{"OBJECTID":48662,"PRIMENAME":"Shrewsbury Avenue","ELEVTYP_F":0,"ELEVTYP_T":0},"geometry":{"type":"LineString","coordinates":[[-73.9836990675032,40.3987658979345],[-73.983914568552,40.3985508977157]]}},{"type":"Feature","id":49306,"properties":{"OBJECTID":49306,"PRIMENAME":"Grand Pointe Way","ELEVTYP_F":0,"ELEVTYP_T":0},"geometry":{"type":"LineString","coordinates":[[-73.9745032946428,40.3750787887202],[-73.9744951024178,40.3752210633797],[-73.9744302081571,40.3753221667399],[-73.9744413908944,40.3755704363293],[-73.9744471146939,40.3756682841355],[-73.9745352944854,40.3757773008623],[-73.9745167106554,40.3758936671593]]}},{"type":"Feature","id":50945,"properties":{"OBJECTID":50945,"PRIMENAME":"Lincoln Avenue","ELEVTYP_F":0,"ELEVTYP_T":0},"geometry":{"type":"LineString","coordinates":[[-73.9779827682762,40.364138572196],[-73.9774496116428,40.3640969629206],[-73.9770972604795,40.3640646799199]]}},{"type":"Feature","id":52341,"properties":{"OBJECTID":52341,"PRIMENAME":"Riverview Place","ELEVTYP_F":0,"ELEVTYP_T":0},"geometry":{"type":"LineString","coordinates":[[-73.9750993402951,40.3791162876889],[-73.975040337765,40.3783471798515],[-73.9750392554486,40.3782786007323],[-73.97503803329,40.378237143],[-73.9750321736086,40.3782152370319],[-73.9750112371611,40.3781979027434],[-73.9749872595608,40.378183958182],[-73.9749557519804,40.3781734937452],[-73.9749166634449,40.3781686761472],[-73.9748022764894,40.3781716160933],[-73.9745417831872,40.3781808091015],[-73.9744623982715,40.3781832484744]]}},{"type":"Feature","id":54079,"properties":{"OBJECTID":54079,"PRIMENAME":"Ocean Avenue","ELEVTYP_F":0,"ELEVTYP_T":0},"geometry":{"type":"LineString","coordinates":[[-73.9745542060754,40.3796588660739],[-73.9745820173395,40.3801174629181]]}},{"type":"Feature","id":54613,"properties":{"OBJECTID":54613,"PRIMENAME":"Lincoln Avenue","ELEVTYP_F":0,"ELEVTYP_T":0},"geometry":{"type":"LineString","coordinates":[[-73.977018075627,40.3640574040037],[-73.9766837986674,40.3640267649971]]}},{"type":"Feature","id":55205,"properties":{"OBJECTID":55205,"PRIMENAME":"East Ocean Avenue","ELEVTYP_F":0,"ELEVTYP_T":0},"geometry":{"type":"LineString","coordinates":[[-73.9739635418395,40.3603434618412],[-73.9738586096833,40.3604266844241],[-73.9738514405516,40.3605410439735],[-73.9738810332289,40.3607413295253],[-73.973881155641,40.3607532987888]]}},{"type":"Feature","id":55222,"properties":{"OBJECTID":55222,"PRIMENAME":"Shore Drive","ELEVTYP_F":0,"ELEVTYP_T":0},"geometry":{"type":"LineString","coordinates":[[-73.983914568552,40.3985508977157],[-73.9819791138384,40.3973126298942]]}},{"type":"Feature","id":56199,"properties":{"OBJECTID":56199,"PRIMENAME":"Shrewsbury Drive","ELEVTYP_F":0,"ELEVTYP_T":0},"geometry":{"type":"LineString","coordinates":[[-73.9880743170087,40.3624163074186],[-73.9880353580655,40.3624523986464],[-73.9877157096264,40.3627035950879],[-73.9874525841467,40.362893054066],[-73.9873175108673,40.3629915293202]]}},{"type":"Feature","id":56642,"properties":{"OBJECTID":56642,"PRIMENAME":"Wayne Street","ELEVTYP_F":0,"ELEVTYP_T":0},"geometry":{"type":"LineString","coordinates":[[-73.9731969830389,40.3597802580223],[-73.9732075804525,40.3600186429084],[-73.9732201562758,40.3603701257227],[-73.9732331637388,40.3607336314247],[-73.9732470166131,40.3607587541382]]}},{"type":"Feature","id":57441,"properties":{"OBJECTID":57441,"PRIMENAME":"Ocean Avenue","ELEVTYP_F":0,"ELEVTYP_T":0},"geometry":{"type":"LineString","coordinates":[[-73.9746103393469,40.3805841885567],[-73.9746413620693,40.3810453262132],[-73.9746615367007,40.3814564792143],[-73.9746774360769,40.3817064991862],[-73.9746776615523,40.3817097668477]]}},{"type":"Feature","id":58557,"properties":{"OBJECTID":58557,"PRIMENAME":"Center Street","ELEVTYP_F":0,"ELEVTYP_T":0},"geometry":{"type":"LineString","coordinates":[[-73.9737710380123,40.3596848952958],[-73.9738956503728,40.3596642969843],[-73.9741759183777,40.359673533273]]}},{"type":"Feature","id":58976,"properties":{"OBJECTID":58976,"PRIMENAME":"Navesink Avenue","ELEVTYP_F":0,"ELEVTYP_T":0},"geometry":{"type":"LineString","coordinates":[[-73.9884138527349,40.3733853416976],[-73.9884070948033,40.3734103749802],[-73.9883434419435,40.3735451011175],[-73.9881001117753,40.3741014322792],[-73.9878687183011,40.3745881156502],[-73.9877759393685,40.3748054520858],[-73.9876778173693,40.374979198731],[-73.9875372919826,40.3752872706328]]}},{"type":"Feature","id":59127,"properties":{"OBJECTID":59127,"PRIMENAME":"Ocean Avenue","ELEVTYP_F":0,"ELEVTYP_T":0},"geometry":{"type":"LineString","coordinates":[[-73.9737641002555,40.356144754755],[-73.9737668253487,40.3564741675732],[-73.9737665277619,40.3566178430393]]}},{"type":"Feature","id":59507,"properties":{"OBJECTID":59507,"PRIMENAME":"Shrewsbury Way","ELEVTYP_F":0,"ELEVTYP_T":0},"geometry":{"type":"LineString","coordinates":[[-73.9757063378146,40.3796219567834],[-73.9758157405219,40.3796184448629]]}},{"type":"Feature","id":59851,"properties":{"OBJECTID":59851,"PRIMENAME":"Imbrie Place","ELEVTYP_F":0,"ELEVTYP_T":0},"geometry":{"type":"LineString","coordinates":[[-73.9759013873414,40.3500557390083],[-73.9757370056383,40.3500016827957],[-73.9740497509589,40.3499971245075],[-73.9737959804373,40.3500461796591]]}},{"type":"Feature","id":63091,"properties":{"OBJECTID":63091,"PRIMENAME":"Hartshorne Lane","ELEVTYP_F":0,"ELEVTYP_T":0},"geometry":{"type":"LineString","coordinates":[[-73.9847663801787,40.3687639255635],[-73.9856186237137,40.3688982247524],[-73.9864836242843,40.3690402883472],[-73.9865195055212,40.3690463496009]]}},{"type":"Feature","id":63976,"properties":{"OBJECTID":63976,"PRIMENAME":"Ocean Avenue","ELEVTYP_F":0,"ELEVTYP_T":0},"geometry":{"type":"LineString","coordinates":[[-73.9741409996524,40.3606252375925],[-73.9741644032295,40.3603565907288],[-73.9741704321405,40.3601440319508]]}},{"type":"Feature","id":66339,"properties":{"OBJECTID":66339,"PRIMENAME":"New Street","ELEVTYP_F":0,"ELEVTYP_T":0},"geometry":{"type":"LineString","coordinates":[[-73.9741217692444,40.3610309153338],[-73.974233968424,40.3610241229921],[-73.9753540872252,40.3609560148662]]}},{"type":"Feature","id":66495,"properties":{"OBJECTID":66495,"PRIMENAME":"South 2nd Street","ELEVTYP_F":0,"ELEVTYP_T":0},"geometry":{"type":"LineString","coordinates":[[-73.9836990675032,40.3987658979345],[-73.9837621945159,40.3988077417093],[-73.9841963349933,40.3990956149367],[-73.984512607264,40.3993115321145],[-73.9845767413867,40.3993532151146]]}},{"type":"Feature","id":67486,"properties":{"OBJECTID":67486,"PRIMENAME":"South Ward Avenue","ELEVTYP_F":0,"ELEVTYP_T":0},"geometry":{"type":"LineString","coordinates":[[-73.9801131790913,40.3633424583818],[-73.9801274285593,40.3634309993323],[-73.9801450635787,40.3635740482655],[-73.9801504298862,40.3636836865727],[-73.9801431230626,40.3638266504062],[-73.9801296814071,40.363950507347],[-73.9800975074345,40.3640790291898],[-73.9800589769913,40.3642361270008],[-73.9800225075539,40.3643024245021]]}},{"type":"Feature","id":69783,"properties":{"OBJECTID":69783,"PRIMENAME":"Shrewsbury Drive","ELEVTYP_F":0,"ELEVTYP_T":0},"geometry":{"type":"LineString","coordinates":[[-73.9873175108673,40.3629915293202],[-73.9872771653352,40.3630209430443],[-73.9872549623666,40.3630337508913],[-73.9870393749756,40.3631581092024],[-73.9867953762522,40.3632904693825],[-73.9865719461091,40.363402963808]]}},{"type":"Feature","id":71110,"properties":{"OBJECTID":71110,"PRIMENAME":"Portland Road","ELEVTYP_F":0,"ELEVTYP_T":0},"geometry":{"type":"LineString","coordinates":[[-73.9840706379043,40.3901606440943],[-73.9842034006145,40.3902082319266],[-73.9844271990386,40.3902902401267],[-73.9846506708542,40.3904103760728],[-73.984948598317,40.3905785548178],[-73.9850665642911,40.390636234107],[-73.9852280046184,40.3907179909752],[-73.9853832357382,40.390794915053],[-73.9855260088047,40.3908718105152],[-73.9856252338295,40.3909389868948],[-73.9857492305881,40.3910253255619],[-73.9858917148089,40.3911403227992],[-73.9860277709686,40.3912839227359],[-73.9861761037332,40.3914514053779],[-73.9863057337987,40.3916140016137],[-73.9864107376448,40.3917431339095],[-73.9864726278964,40.3918006176267],[-73.9865408382514,40.391848577153],[-73.9866341089851,40.3918775956929],[-73.9867399469818,40.3918923407073],[-73.9868708445879,40.3918976977458],[-73.9870205920827,40.3918745338333],[-73.9870362874469,40.3918738045891],[-73.9871694553286,40.3918676125066],[-73.9872076403036,40.3918658382584],[-73.987357387617,40.3918426739084],[-73.9874697973797,40.3918193438796],[-73.9875823513559,40.3917721599457],[-73.9877324594439,40.3917013400751],[-73.9878764284498,40.3916209685182],[-73.9880634883313,40.391506252394]]}},{"type":"Feature","id":71545,"properties":{"OBJECTID":71545,"PRIMENAME":"Hillside Avenue","ELEVTYP_F":0,"ELEVTYP_T":0},"geometry":{"type":"LineString","coordinates":[[-73.9812345770643,40.3954920219504],[-73.9813206536905,40.3954950154439],[-73.9819210273663,40.3955158368284]]}},{"type":"Feature","id":71959,"properties":{"OBJECTID":71959,"PRIMENAME":"Grant Avenue","ELEVTYP_F":0,"ELEVTYP_T":0},"geometry":{"type":"LineString","coordinates":[[-73.9814795655745,40.3626030572156],[-73.9809127226818,40.362556536746]]}},{"type":"Feature","id":72213,"properties":{"OBJECTID":72213,"PRIMENAME":"Village Road","ELEVTYP_F":0,"ELEVTYP_T":0},"geometry":{"type":"LineString","coordinates":[[-73.9737641002555,40.356144754755],[-73.9727974168168,40.356147187409],[-73.9727694167087,40.3561511883454],[-73.9726994154105,40.3561601873299],[-73.972661416478,40.3561901885029],[-73.9726454159601,40.3562661879078],[-73.9726444178285,40.3566301875662]]}},{"type":"Feature","id":73076,"properties":{"OBJECTID":73076,"PRIMENAME":"Front Street","ELEVTYP_F":0,"ELEVTYP_T":0},"geometry":{"type":"LineString","coordinates":[[-73.9756925458166,40.3609354316113],[-73.9756850629071,40.3608174362603],[-73.975675917035,40.3606732191156]]}},{"type":"Feature","id":73445,"properties":{"OBJECTID":73445,"PRIMENAME":"Packer Avenue","ELEVTYP_F":0,"ELEVTYP_T":0},"geometry":{"type":"LineString","coordinates":[[-73.9770972604795,40.3640646799199],[-73.9772394428003,40.3631130746089]]}},{"type":"Feature","id":74616,"properties":{"OBJECTID":74616,"PRIMENAME":"Beach Way","ELEVTYP_F":0,"ELEVTYP_T":0},"geometry":{"type":"LineString","coordinates":[[-73.9753139518768,40.3816812509782],[-73.9758248427081,40.3816582849514]]}},{"type":"Feature","id":75595,"properties":{"OBJECTID":75595,"PRIMENAME":"Rumson Road","ELEVTYP_F":0,"ELEVTYP_T":0},"geometry":{"type":"LineString","coordinates":[[-73.9851861330463,40.3656916347645],[-73.9846046434241,40.3656465226131],[-73.9836916102195,40.3655687691127]]}},{"type":"Feature","id":77046,"properties":{"OBJECTID":77046,"PRIMENAME":"Highland Avenue","ELEVTYP_F":0,"ELEVTYP_T":0},"geometry":{"type":"LineString","coordinates":[[-73.9827120466653,40.3966761785573],[-73.982813036389,40.3966825051858],[-73.9833052444947,40.3967133100268],[-73.9833737136054,40.3967231411485],[-73.9834544210721,40.3967664092072],[-73.983735601934,40.3969650010657]]}},{"type":"Feature","id":77069,"properties":{"OBJECTID":77069,"PRIMENAME":"Ocean Avenue","ELEVTYP_F":0,"ELEVTYP_T":0},"geometry":{"type":"LineString","coordinates":[[-73.9737592175659,40.3555540720049],[-73.9742374163543,40.3555551867293],[-73.9742614150396,40.3555621875822],[-73.9742924153125,40.355582188692],[-73.9743084168191,40.3556091881099],[-73.9743064157045,40.355933255736],[-73.9743064169453,40.3565521884969],[-73.9742964163449,40.3565781888898],[-73.9742754169065,40.3565981887035],[-73.9742444160251,40.3566101885238],[-73.9737665277619,40.3566178430393]]}},{"type":"Feature","id":78857,"properties":{"OBJECTID":78857,"PRIMENAME":"Ocean Avenue","ELEVTYP_F":0,"ELEVTYP_T":0},"geometry":{"type":"LineString","coordinates":[[-73.9737639970332,40.3544331709002],[-73.9737571895025,40.3553088495234],[-73.9737592175659,40.3555540720049]]}},{"type":"Feature","id":79402,"properties":{"OBJECTID":79402,"PRIMENAME":"FR RT 36 NB to OCEAN AVE TO GATEWAY NAT PARK","ELEVTYP_F":0,"ELEVTYP_T":0},"geometry":{"type":"LineString","coordinates":[[-73.9759050068158,40.3943998938256],[-73.9758840530687,40.3947832293645],[-73.9758808777335,40.3948632649426],[-73.97588707227,40.394943197141],[-73.9759113937428,40.3951461833774],[-73.9759213066066,40.3952260711512],[-73.9759427491927,40.3953938211029],[-73.976029642336,40.3961112783351],[-73.976059860922,40.3964171206446],[-73.9760969657877,40.3967225195886],[-73.9761343247636,40.396941091309],[-73.9761781767895,40.3971589567947],[-73.9761913508542,40.3972399229505],[-73.9762174315663,40.3973807063663],[-73.9762474698713,40.3975210279599],[-73.976311337418,40.3977910018632]]}},{"type":"Feature","id":79604,"properties":{"OBJECTID":79604,"PRIMENAME":"Navesink Avenue","ELEVTYP_F":0,"ELEVTYP_T":0},"geometry":{"type":"LineString","coordinates":[[-73.9876860838615,40.3692427800801],[-73.9877794375527,40.3697196734741],[-73.9878569922431,40.3701158438972],[-73.9879665518384,40.3706824393707],[-73.9881025991368,40.3715148020726],[-73.9881388476568,40.3716955402954]]}},{"type":"Feature","id":80365,"properties":{"OBJECTID":80365,"PRIMENAME":"Via Ripa","ELEVTYP_F":0,"ELEVTYP_T":0},"geometry":{"type":"LineString","coordinates":[[-73.9761793674601,40.3914407586165],[-73.9770366416985,40.3913738680992],[-73.9774629451344,40.3913406026478]]}},{"type":"Feature","id":80769,"properties":{"OBJECTID":80769,"PRIMENAME":"Rumson Road","ELEVTYP_F":0,"ELEVTYP_T":0},"geometry":{"type":"LineString","coordinates":[[-73.9908687999493,40.3651195230346],[-73.9907467766464,40.3651560681486],[-73.9907253529269,40.3651624845914],[-73.9905661733796,40.3651975257283],[-73.990369607496,40.3652359711721],[-73.9900748268444,40.3652918809472],[-73.9895460124418,40.3653860687094],[-73.9889899340542,40.3654831804766]]}},{"type":"Feature","id":80853,"properties":{"OBJECTID":80853,"PRIMENAME":"Grand Pointe Way","ELEVTYP_F":0,"ELEVTYP_T":0},"geometry":{"type":"LineString","coordinates":[[-73.9745032946428,40.3750787887202],[-73.9745300734353,40.3750782259095],[-73.9753665606438,40.3750606495721]]}},{"type":"Feature","id":81008,"properties":{"OBJECTID":81008,"PRIMENAME":"Woodland Street","ELEVTYP_F":0,"ELEVTYP_T":0},"geometry":{"type":"LineString","coordinates":[[-73.989059987164,40.3989756129648],[-73.9891143493135,40.3989376947589],[-73.9892655960886,40.3988322078231],[-73.9893656246106,40.3987618519236],[-73.989393562722,40.3987425394396],[-73.9894029860219,40.3987213060827],[-73.9894288531141,40.398671897594],[-73.9894558484953,40.3986014658881]]}},{"type":"Feature","id":81275,"properties":{"OBJECTID":81275,"PRIMENAME":"East Ocean Avenue","ELEVTYP_F":0,"ELEVTYP_T":0},"geometry":{"type":"LineString","coordinates":[[-73.973881155641,40.3607532987888],[-73.9738840451392,40.3610463322338]]}},{"type":"Feature","id":81458,"properties":{"OBJECTID":81458,"PRIMENAME":"Ocean Avenue","ELEVTYP_F":0,"ELEVTYP_T":0},"geometry":{"type":"LineString","coordinates":[[-73.9741105185946,40.3624787541002],[-73.9741023412429,40.363531026021]]}},{"type":"Feature","id":81924,"properties":{"OBJECTID":81924,"PRIMENAME":"Chestnut Street","ELEVTYP_F":0,"ELEVTYP_T":0},"geometry":{"type":"LineString","coordinates":[[-73.9876237634727,40.3963221792565],[-73.9876201994112,40.3960439405929]]}},{"type":"Feature","id":82254,"properties":{"OBJECTID":82254,"PRIMENAME":"Ocean Avenue","ELEVTYP_F":0,"ELEVTYP_T":0},"geometry":{"type":"LineString","coordinates":[[-73.9741235277955,40.3614743247403],[-73.974114335884,40.3619875214265]]}},{"type":"Feature","id":82573,"properties":{"OBJECTID":82573,"PRIMENAME":"Ocean Avenue","ELEVTYP_F":0,"ELEVTYP_T":0},"geometry":{"type":"LineString","coordinates":[[-73.9741217692444,40.3610309153338],[-73.9741263122067,40.3613191801449],[-73.9741235277955,40.3614743247403]]}},{"type":"Feature","id":82672,"properties":{"OBJECTID":82672,"PRIMENAME":"Shrewsbury Avenue","ELEVTYP_F":0,"ELEVTYP_T":0},"geometry":{"type":"LineString","coordinates":[[-73.9848176766648,40.3991318753044],[-73.9850558988998,40.399294708841],[-73.9853661800597,40.3994819655958],[-73.9856516543279,40.3996500319736],[-73.985854578637,40.3997662805514]]}},{"type":"Feature","id":82712,"properties":{"OBJECTID":82712,"PRIMENAME":"Oyster Bay Drive","ELEVTYP_F":0,"ELEVTYP_T":0},"geometry":{"type":"LineString","coordinates":[[-73.9846297488522,40.3588163270165],[-73.9847744192061,40.3587471875569],[-73.9849794204826,40.3586291880246],[-73.985018420875,40.3586011876087],[-73.9850694202803,40.3585521879494]]}},{"type":"Feature","id":82822,"properties":{"OBJECTID":82822,"PRIMENAME":"Ocean Street","ELEVTYP_F":0,"ELEVTYP_T":0},"geometry":{"type":"LineString","coordinates":[[-73.9840834216002,40.395588194146],[-73.9841048816446,40.3957743833412],[-73.9841298792606,40.3959473029323],[-73.9841645553096,40.396122544314],[-73.9842378158462,40.3963182717759],[-73.9842739186494,40.3964947821789],[-73.9843102397928,40.396637912132],[-73.9843589486027,40.3967858734179],[-73.9844075100184,40.3969576632161],[-73.9844749980162,40.3970961829861],[-73.9845105128587,40.3971568446627],[-73.9846596267588,40.3974115471692],[-73.9847514980281,40.3975684854916]]}},{"type":"Feature","id":83012,"properties":{"OBJECTID":83012,"PRIMENAME":"Twin Light Road","ELEVTYP_F":0,"ELEVTYP_T":0},"geometry":{"type":"LineString","coordinates":[[-73.9870181314991,40.3967879839371],[-73.9870121668019,40.3967459839386]]}},{"type":"Feature","id":83514,"properties":{"OBJECTID":83514,"PRIMENAME":"South Peak Street","ELEVTYP_F":0,"ELEVTYP_T":0},"geometry":{"type":"LineString","coordinates":[[-73.9877693550829,40.3984215838246],[-73.9877499804202,40.3983296721261],[-73.98762968829,40.3977572124642],[-73.9875969599445,40.3976082813402],[-73.9875573562175,40.3974280485336],[-73.9875395532933,40.3973088290709],[-73.9875402038927,40.3972230187554],[-73.9875404731135,40.3972206044258]]}},{"type":"Feature","id":84381,"properties":{"OBJECTID":84381,"PRIMENAME":"Riker Street","ELEVTYP_F":0,"ELEVTYP_T":0},"geometry":{"type":"LineString","coordinates":[[-73.9825558805449,40.3946938836433],[-73.9824738345329,40.3946804490469],[-73.9820255922216,40.3946069580389]]}},{"type":"Feature","id":85167,"properties":{"OBJECTID":85167,"PRIMENAME":"Hillside Avenue","ELEVTYP_F":0,"ELEVTYP_T":0},"geometry":{"type":"LineString","coordinates":[[-73.9819210273663,40.3955158368284],[-73.9827414625348,40.3955442873421],[-73.9828224696438,40.3955669396807]]}},{"type":"Feature","id":86225,"properties":{"OBJECTID":86225,"PRIMENAME":"Ocean Avenue","ELEVTYP_F":0,"ELEVTYP_T":0},"geometry":{"type":"LineString","coordinates":[[-73.9739957004272,40.3458281858324],[-73.9739941720378,40.3458718910269]]}},{"type":"Feature","id":86904,"properties":{"OBJECTID":86904,"PRIMENAME":"Beach Way","ELEVTYP_F":0,"ELEVTYP_T":0},"geometry":{"type":"LineString","coordinates":[[-73.9746776615523,40.3817097668477],[-73.9747649948607,40.3817059088962],[-73.9753139518768,40.3816812509782]]}},{"type":"Feature","id":86910,"properties":{"OBJECTID":86910,"PRIMENAME":"Highland Avenue","ELEVTYP_F":0,"ELEVTYP_T":0},"geometry":{"type":"LineString","coordinates":[[-73.989059987164,40.3989756129648],[-73.9896010186648,40.3992099960484],[-73.9898743674694,40.3993351189339],[-73.9900171991854,40.3994119820165],[-73.99015364012,40.3994983968729],[-73.990277658302,40.3995847306877],[-73.9903519823105,40.399651793169],[-73.9903968481443,40.3996922892343]]}},{"type":"Feature","id":90580,"properties":{"OBJECTID":90580,"PRIMENAME":"Waterview Way","ELEVTYP_F":0,"ELEVTYP_T":0},"geometry":{"type":"LineString","coordinates":[[-73.9755964809291,40.3919599726267],[-73.9756600647579,40.3919554290113],[-73.9762655480867,40.391912527463],[-73.9768934327617,40.391868036278]]}},{"type":"Feature","id":91075,"properties":{"OBJECTID":91075,"PRIMENAME":"Black Point Road","ELEVTYP_F":0,"ELEVTYP_T":0},"geometry":{"type":"LineString","coordinates":[[-73.9884138527349,40.3733853416976],[-73.988521506167,40.3733412367926],[-73.9894948442579,40.3733760081712],[-73.9896610590764,40.3733863228499]]}},{"type":"Feature","id":94253,"properties":{"OBJECTID":94253,"PRIMENAME":"Grand Tour","ELEVTYP_F":0,"ELEVTYP_T":0},"geometry":{"type":"LineString","coordinates":[[-73.988006295301,40.3950237636839],[-73.987765475541,40.3946409273229],[-73.9875437907784,40.3942824971001],[-73.9873405232376,40.3939622786025],[-73.9872790277558,40.3938523914128],[-73.9872427379845,40.3937044854448],[-73.9872310746733,40.3935995691757],[-73.9872193032037,40.3935137298414],[-73.9871888633023,40.3934135064078],[-73.9871274034094,40.3932988701961],[-73.9870411733122,40.393160268742],[-73.9870266900745,40.3931386016717],[-73.9869549075817,40.3930312201826],[-73.9869117928112,40.3929595169331],[-73.9868934860679,40.392911779981],[-73.9868999493365,40.3928832312589],[-73.9869021436157,40.3928793790384]]}},{"type":"Feature","id":94846,"properties":{"OBJECTID":94846,"PRIMENAME":"Light House Road","ELEVTYP_F":0,"ELEVTYP_T":0},"geometry":{"type":"LineString","coordinates":[[-73.9847514980281,40.3975684854916],[-73.9849246933498,40.3975845473119],[-73.9851334336562,40.3976009869039],[-73.9853248769804,40.3976018391725],[-73.9854466835665,40.3976001584819],[-73.9855888972993,40.3975919244124],[-73.9856134059334,40.3975892882837]]}},{"type":"Feature","id":96250,"properties":{"OBJECTID":96250,"PRIMENAME":"Shrewsbury River Bridge","ELEVTYP_F":0,"ELEVTYP_T":0},"geometry":{"type":"LineString","coordinates":[[-73.9794465028111,40.3652771165664],[-73.9793455165335,40.365290552662],[-73.9792379043111,40.3653115350771],[-73.9790786715394,40.3653572661421],[-73.9790714300588,40.3653597319198],[-73.9788818432674,40.3654242954146],[-73.9787037849528,40.3654914089567],[-73.9784554628462,40.3655760760218],[-73.9782821701376,40.3656253118446],[-73.9781089044985,40.3656710052844],[-73.9779263075799,40.3657166572419],[-73.9777438022135,40.3657551446772],[-73.9775659448696,40.3657865142926],[-73.9773928516834,40.3658143367991],[-73.9772150781243,40.365834973243],[-73.9770522847404,40.3658480648827],[-73.9770046727441,40.3658518934892],[-73.9767802637522,40.365865152816],[-73.9767045276887,40.3658661350068],[-73.9765746335417,40.3658678186289],[-73.9764663473289,40.3658673284902],[-73.9763363388833,40.3658667398956],[-73.9762008538376,40.3658625300679],[-73.9760419973458,40.3658546737574],[-73.9758458731415,40.3658395098042],[-73.9757675085982,40.3658324889293],[-73.9756777423957,40.3658244454139],[-73.9755373840966,40.3658121672368]]}},{"type":"Feature","id":97177,"properties":{"OBJECTID":97177,"PRIMENAME":"FR RT 36 NB to CO 8","ELEVTYP_F":0,"ELEVTYP_T":0},"geometry":{"type":"LineString","coordinates":[[-73.9823769584619,40.3969552894431],[-73.9827337823124,40.3971765537393],[-73.9827599047134,40.3972068682243],[-73.9827649979118,40.3972311029712],[-73.9827621402254,40.3972572511424],[-73.9827540354779,40.3972794238244],[-73.9827381356014,40.3972974709189],[-73.9827143090195,40.3973094977835],[-73.9826852519766,40.3973153795784],[-73.9826588984413,40.3973152616749],[-73.9826273340394,40.3973110576536],[-73.9825642549442,40.3972866174761],[-73.9820672158109,40.3970337885427],[-73.981907120578,40.3969562852894],[-73.9817783020736,40.3969162193852]]}},{"type":"Feature","id":97745,"properties":{"OBJECTID":97745,"PRIMENAME":"Garden Way","ELEVTYP_F":0,"ELEVTYP_T":0},"geometry":{"type":"LineString","coordinates":[[-73.9747751048068,40.3487542991858],[-73.9747711733285,40.3488104134138],[-73.9747220457524,40.3495118394766]]}},{"type":"Feature","id":98824,"properties":{"OBJECTID":98824,"PRIMENAME":"Spring Street","ELEVTYP_F":0,"ELEVTYP_T":0},"geometry":{"type":"LineString","coordinates":[[-73.9845767413867,40.3993532151146],[-73.9846091049207,40.3993235193023],[-73.9847941358426,40.3991535128155],[-73.9848176766648,40.3991318753044]]}},{"type":"Feature","id":99579,"properties":{"OBJECTID":99579,"PRIMENAME":"Warren Street","ELEVTYP_F":0,"ELEVTYP_T":0},"geometry":{"type":"LineString","coordinates":[[-73.9816178569418,40.3595461229401],[-73.9816021471676,40.359615341179],[-73.9814561936609,40.3602577450239]]}},{"type":"Feature","id":101723,"properties":{"OBJECTID":101723,"PRIMENAME":"Church Street","ELEVTYP_F":0,"ELEVTYP_T":0},"geometry":{"type":"LineString","coordinates":[[-73.9738685978464,40.3614776676448],[-73.9741235277955,40.3614743247403]]}},{"type":"Feature","id":103313,"properties":{"OBJECTID":103313,"PRIMENAME":"Galilee Drive","ELEVTYP_F":0,"ELEVTYP_T":0},"geometry":{"type":"LineString","coordinates":[[-73.9757344408672,40.3458507974649],[-73.9755852633439,40.3458513451877],[-73.9752933629856,40.3458456820391],[-73.9750427838272,40.3458462760823],[-73.974792260111,40.345844122852],[-73.9745958626972,40.3458393589971],[-73.9744671012069,40.3458339717659],[-73.9742811371138,40.345830051856],[-73.9740979861145,40.3458288896188],[-73.9739957004272,40.3458281858324]]}},{"type":"Feature","id":103662,"properties":{"OBJECTID":103662,"PRIMENAME":"South Ward Avenue","ELEVTYP_F":0,"ELEVTYP_T":0},"geometry":{"type":"LineString","coordinates":[[-73.9814561936609,40.3602577450239],[-73.9813859390534,40.3603539389405],[-73.9811957621903,40.360614328828],[-73.9803457217113,40.3617781474635],[-73.9798608737458,40.3624432388307],[-73.9798698476073,40.362471005623]]}},{"type":"Feature","id":104195,"properties":{"OBJECTID":104195,"PRIMENAME":"FR RT 36 SB to RAMP A101130","ELEVTYP_F":0,"ELEVTYP_T":0},"geometry":{"type":"LineString","coordinates":[[-73.976290667544,40.3952872995723],[-73.9762755444211,40.3951876349494],[-73.9762515227045,40.3950889971673],[-73.9762457611244,40.3950611963652],[-73.976242416952,40.3950331650913],[-73.9762415048276,40.3950050260881],[-73.9762430287422,40.3949769025695],[-73.9762503257773,40.3949330333399],[-73.9762635404149,40.394889980419],[-73.9762825298176,40.3948482091312],[-73.976307088734,40.3948081709481],[-73.9763350051517,40.3947814985564],[-73.9763656345181,40.3947566275452],[-73.9763987787355,40.3947337187675],[-73.9764342234418,40.3947129203854],[-73.9764717393977,40.3946943669117],[-73.9765110839682,40.3946781783404],[-73.9765520026928,40.3946644593706],[-73.9765942309306,40.3946532987292],[-73.9766508215068,40.3946483629395],[-73.9767077790725,40.3946483179604],[-73.9767643828637,40.3946531643611],[-73.9768199165931,40.3946628408133],[-73.9768736775133,40.3946772248673],[-73.97692498531,40.3946961345014],[-73.9769731907101,40.394719330425],[-73.9770176836978,40.3947465191067],[-73.9770535403897,40.3947779358432],[-73.9770850840272,40.3948119497883],[-73.9771119949211,40.3948482162239],[-73.9771340003319,40.3948863676035],[-73.9771508772343,40.3949260172765],[-73.9771624545775,40.394966763407],[-73.9771686150191,40.3950081930462],[-73.977169296115,40.3950498863175],[-73.977166125788,40.395088682027],[-73.9771603655396,40.3951273030872],[-73.9771520304301,40.3951656484941],[-73.9771411422535,40.3952036179644],[-73.9771277294811,40.3952411121977],[-73.9771118271868,40.3952780331364],[-73.9770934769554,40.3953142842222],[-73.9770727267741,40.3953497706483],[-73.977039521304,40.3953990859378],[-73.977004084404,40.3954474849127],[-73.9769664592672,40.3954949085745],[-73.9769266917544,40.3955412991133],[-73.9767893600222,40.3957154771652]]}},{"type":"Feature","id":111869,"properties":{"OBJECTID":111869,"PRIMENAME":"Bayview Street","ELEVTYP_F":0,"ELEVTYP_T":0},"geometry":{"type":"LineString","coordinates":[[-73.991316703084,40.3993314525091],[-73.9912133463553,40.3992667892012],[-73.9905317438871,40.3988406484086]]}},{"type":"Feature","id":112495,"properties":{"OBJECTID":112495,"PRIMENAME":"Shrewsbury Drive","ELEVTYP_F":0,"ELEVTYP_T":0},"geometry":{"type":"LineString","coordinates":[[-73.9923845736239,40.3592042010726],[-73.9922897124639,40.3592636841067],[-73.9917013580784,40.3596328253068],[-73.9908001190889,40.3601769909121],[-73.9899675494826,40.3607023188984],[-73.9896984449832,40.3608584030114],[-73.9894605594457,40.3610098481703],[-73.9892758716518,40.3611308634022]]}},{"type":"Feature","id":113249,"properties":{"OBJECTID":113249,"PRIMENAME":"Unnamed Segment","ELEVTYP_F":0,"ELEVTYP_T":0},"geometry":{"type":"LineString","coordinates":[[-73.974897417435,40.3481511869571],[-73.9751164164379,40.3482551864815],[-73.9751844162536,40.3482941851521],[-73.975243417256,40.3483341859081]]}},{"type":"Feature","id":113966,"properties":{"OBJECTID":113966,"PRIMENAME":"Unnamed Segment","ELEVTYP_F":0,"ELEVTYP_T":0},"geometry":{"type":"LineString","coordinates":[[-73.9737699204854,40.3536711833183],[-73.9747924162501,40.3536691868642],[-73.9748164165078,40.353661187305],[-73.9748344168348,40.3536371874918],[-73.974840416144,40.3534081869501],[-73.9748644161945,40.3532781863912],[-73.9748624174441,40.3530131866106],[-73.9748414178327,40.3529911865822],[-73.974814416848,40.3529841875265],[-73.9738914146183,40.3529751868572],[-73.9737753158359,40.3529771048589]]}},{"type":"Feature","id":114250,"properties":{"OBJECTID":114250,"PRIMENAME":"South Peak Street","ELEVTYP_F":0,"ELEVTYP_T":0},"geometry":{"type":"LineString","coordinates":[[-73.9875404731135,40.3972206044258],[-73.9875463614038,40.3971703386545],[-73.9875468841829,40.3971658665803],[-73.987578591597,40.3970945231137],[-73.9877806777037,40.3967475237478],[-73.9879207429978,40.3965155460045]]}},{"type":"Feature","id":116994,"properties":{"OBJECTID":116994,"PRIMENAME":"Lincoln Avenue","ELEVTYP_F":0,"ELEVTYP_T":0},"geometry":{"type":"LineString","coordinates":[[-73.9800225075539,40.3643024245021],[-73.9799277894748,40.3643083121476],[-73.9798904318538,40.364304477616],[-73.9794421371404,40.3642584712881],[-73.978863072343,40.3642129557208],[-73.9780972184708,40.3641475440022],[-73.9779827682762,40.364138572196]]}},{"type":"Feature","id":117873,"properties":{"OBJECTID":117873,"PRIMENAME":"Navesink Avenue","ELEVTYP_F":0,"ELEVTYP_T":0},"geometry":{"type":"LineString","coordinates":[[-73.9875372919826,40.3752872706328],[-73.9871682696569,40.3760960924861]]}},{"type":"Feature","id":119415,"properties":{"OBJECTID":119415,"PRIMENAME":"FR RAMP B101150 to RT 36 SB","ELEVTYP_F":0,"ELEVTYP_T":0},"geometry":{"type":"LineString","coordinates":[[-73.9768509911731,40.3957545520821],[-73.9769365025954,40.3956500411818],[-73.9770240971187,40.3955465437175],[-73.9770701286553,40.3954914436992],[-73.9771135448091,40.3954351164187],[-73.9771542896775,40.3953776344113],[-73.9771923107983,40.3953190716992],[-73.9772203603542,40.3952587186938],[-73.9772411404646,40.3951966704474],[-73.9772544801184,40.3951334376498],[-73.9772602695444,40.3950695407392],[-73.9772620198275,40.395026096991],[-73.9772587227256,40.3949827058016],[-73.9772504042447,40.3949397092959],[-73.9772371299828,40.3948974464861],[-73.9772190046117,40.394856250599],[-73.9771961710516,40.3948164464484],[-73.9771688093444,40.3947783478741],[-73.9771371352333,40.3947422552679],[-73.9771017281405,40.3947118900835],[-73.9770628871587,40.3946840871952],[-73.9770209281646,40.3946590727086],[-73.9769761923906,40.3946370500528],[-73.9769290436499,40.3946181983255],[-73.9768798653784,40.394602670837],[-73.9768290575155,40.3945905938634],[-73.9767770332529,40.3945820656196],[-73.9766421541136,40.3945736563038],[-73.9765068643564,40.3945712347817],[-73.976384174551,40.3945686549162],[-73.976261900693,40.3945605174771],[-73.976231322319,40.3945562580498],[-73.9762012820934,40.3945501578338],[-73.9761719692655,40.3945422552596],[-73.9761435685015,40.3945326001123],[-73.9761162587217,40.394521253218],[-73.9760902119729,40.3945082860603],[-73.976065592345,40.3944937803304],[-73.9760425549368,40.3944778274121],[-73.9760087548241,40.3944471110346],[-73.9759800381225,40.3944135063614],[-73.9759568227103,40.3943775024089],[-73.9759394464097,40.394339623107],[-73.9758793491259,40.39418879122]]}},{"type":"Feature","id":119856,"properties":{"OBJECTID":119856,"PRIMENAME":"Unnamed Segment","ELEVTYP_F":0,"ELEVTYP_T":0},"geometry":{"type":"LineString","coordinates":[[-73.9758214167976,40.3472291859992],[-73.9759884179522,40.3473431850108]]}},{"type":"Feature","id":121145,"properties":{"OBJECTID":121145,"PRIMENAME":"Galilee Drive","ELEVTYP_F":0,"ELEVTYP_T":0},"geometry":{"type":"LineString","coordinates":[[-73.9772776981019,40.3458546406935],[-73.9770810589449,40.3458532583042],[-73.976820119491,40.3458525448464],[-73.9766159446485,40.3458512914989],[-73.9764498365556,40.345850183084],[-73.9763076461397,40.3458506102545],[-73.9760799781965,40.3458484804345],[-73.9758094027921,40.3458505211696],[-73.9757344408672,40.3458507974649]]}},{"type":"Feature","id":121417,"properties":{"OBJECTID":121417,"PRIMENAME":"Mountain Street","ELEVTYP_F":0,"ELEVTYP_T":0},"geometry":{"type":"LineString","coordinates":[[-73.9922704748862,40.3977712360881],[-73.9921931952941,40.3977297418828],[-73.9920498990066,40.3976861509566],[-73.9919006422961,40.3976378386136],[-73.9917380812186,40.3975967429882],[-73.9915121810006,40.397536838804],[-73.9911901063568,40.3974507337422],[-73.9909257560448,40.397375917502],[-73.9905316852512,40.397252625823],[-73.990283019725,40.3971824344689],[-73.9900414665148,40.3971142499561],[-73.9895657379941,40.3969685516087],[-73.9894648182634,40.3969386235473],[-73.9893830123948,40.3969309049848],[-73.989334827773,40.396930692198],[-73.9892672609616,40.3969487858025],[-73.9892092116554,40.3969853701689],[-73.9891897389964,40.397009875289]]}},{"type":"Feature","id":121730,"properties":{"OBJECTID":121730,"PRIMENAME":"Hartshorne Lane","ELEVTYP_F":0,"ELEVTYP_T":0},"geometry":{"type":"LineString","coordinates":[[-73.9831259483155,40.3684931232751],[-73.9837015731957,40.3685903209097]]}},{"type":"Feature","id":122012,"properties":{"OBJECTID":122012,"PRIMENAME":"FR HIGHLAND AVE to RT 36 SB","ELEVTYP_F":0,"ELEVTYP_T":0},"geometry":{"type":"LineString","coordinates":[[-73.9827120466653,40.3966761785573],[-73.9826545531062,40.3967497659037],[-73.9826273105594,40.3968039536454],[-73.9826124978583,40.3968334149247],[-73.9825965613199,40.3968514897571],[-73.982578013738,40.3968634852767],[-73.982546304595,40.396873445887],[-73.9824856984584,40.3968731746592],[-73.9824461672375,40.3968729977299],[-73.9824171796388,40.396869370788]]}},{"type":"Feature","id":122049,"properties":{"OBJECTID":122049,"PRIMENAME":"Twin Light Avenue","ELEVTYP_F":0,"ELEVTYP_T":0},"geometry":{"type":"LineString","coordinates":[[-73.9856134059334,40.3975892882837],[-73.9856915544191,40.397615275382],[-73.9858318069464,40.3976619903789],[-73.985903322541,40.3976820459317],[-73.9859864501231,40.3976955648614],[-73.9860753363084,40.3977025211278],[-73.9861499301081,40.3977050763208],[-73.9862130677315,40.3977031331919],[-73.9862705286644,40.3976968273152],[-73.9863853446862,40.3976841879868],[-73.9864772539407,40.397671419798],[-73.9865749036159,40.3976543116117],[-73.9866436093635,40.3976381385063]]}},{"type":"Feature","id":122264,"properties":{"OBJECTID":122264,"PRIMENAME":"Warren Street","ELEVTYP_F":0,"ELEVTYP_T":0},"geometry":{"type":"LineString","coordinates":[[-73.9814561936609,40.3602577450239],[-73.9814345044938,40.3603532902801],[-73.9814302711521,40.3603695171855],[-73.9813574917278,40.3606484358075],[-73.9811577445408,40.3615101848293],[-73.9809258570253,40.3625004565334],[-73.9809127226818,40.362556536746]]}},{"type":"Feature","id":125507,"properties":{"OBJECTID":125507,"PRIMENAME":"Twin Light Court","ELEVTYP_F":0,"ELEVTYP_T":0},"geometry":{"type":"LineString","coordinates":[[-73.985484422842,40.3942531958627],[-73.9854704228209,40.3943441939512],[-73.9854704248797,40.3944161949408]]}},{"type":"Feature","id":126514,"properties":{"OBJECTID":126514,"PRIMENAME":"Ward Avenue","ELEVTYP_F":0,"ELEVTYP_T":0},"geometry":{"type":"LineString","coordinates":[[-73.9794465028111,40.3652771165664],[-73.9795498767948,40.3656159522033],[-73.9799296780198,40.3669381370278],[-73.9800474810481,40.3673482286409],[-73.9803445506803,40.3684218846051],[-73.9803733606397,40.3685260018101]]}},{"type":"Feature","id":130866,"properties":{"OBJECTID":130866,"PRIMENAME":"Unnamed Segment","ELEVTYP_F":0,"ELEVTYP_T":0},"geometry":{"type":"LineString","coordinates":[[-73.9827982544531,40.3959489811626],[-73.9826614208835,40.3959441945764],[-73.9826334218952,40.3959371956035],[-73.9826204204232,40.3959191948335],[-73.9826164210373,40.3958731955415],[-73.9826324216169,40.3956681944551],[-73.9826124206103,40.395644194709],[-73.9825774210144,40.3956331943668],[-73.9823164223505,40.3956181959184],[-73.9821984217393,40.3956121943714],[-73.9820654200822,40.3956171953097],[-73.9820144217245,40.3956271945662],[-73.9819934223272,40.3956461950165],[-73.981973421737,40.3956811953468],[-73.9819644216225,40.3957291952934],[-73.9819654214731,40.3958501947755]]}},{"type":"Feature","id":131599,"properties":{"OBJECTID":131599,"PRIMENAME":"Osborne Place","ELEVTYP_F":0,"ELEVTYP_T":0},"geometry":{"type":"LineString","coordinates":[[-73.9737681450819,40.3591482680374],[-73.9741554173509,40.359159188149],[-73.9742474184008,40.3591561875456]]}},{"type":"Feature","id":132545,"properties":{"OBJECTID":132545,"PRIMENAME":"Unnamed Segment","ELEVTYP_F":0,"ELEVTYP_T":0},"geometry":{"type":"LineString","coordinates":[[-73.9739360764819,40.3468926746623],[-73.9752844179828,40.3468901846022],[-73.975346418312,40.3469061857942],[-73.9753964149865,40.3469331861855],[-73.9756631400261,40.3471320513345],[-73.9756794165018,40.3471441848198],[-73.9758214167976,40.3472291859992]]}},{"type":"Feature","id":135839,"properties":{"OBJECTID":135839,"PRIMENAME":"FR RAMP B101150 to RT 36 SB","ELEVTYP_F":0,"ELEVTYP_T":0},"geometry":{"type":"LineString","coordinates":[[-73.9763633916813,40.3972732531659],[-73.9763493905371,40.3971968105455],[-73.9763379150172,40.3971201223095],[-73.9763281505754,40.3970360247316],[-73.9763213940282,40.3969517546289],[-73.9763176504054,40.396867374875],[-73.9763169224887,40.3967829484249],[-73.9763209944926,40.3967046087539],[-73.9763318806766,40.3966266502827],[-73.9763449297283,40.3965668900077],[-73.9763619846827,40.3965077224651],[-73.9763830003151,40.3964493045127],[-73.9764079209014,40.3963917910211],[-73.9764617697214,40.3962870898963],[-73.9765233243484,40.396184901368],[-73.9765923852442,40.3960855566382],[-73.9766687285452,40.3959893776905],[-73.9767848705455,40.3958377046318]]}},{"type":"Feature","id":137290,"properties":{"OBJECTID":137290,"PRIMENAME":"Unnamed Segment","ELEVTYP_F":0,"ELEVTYP_T":0},"geometry":{"type":"LineString","coordinates":[[-73.9759434207075,40.3930161945604],[-73.9760224203338,40.393088195984],[-73.9760854193213,40.3931131950707],[-73.9762554191939,40.393151194143],[-73.9766864192678,40.3932561943048],[-73.9767744197369,40.3932751943984],[-73.9769044192313,40.3933141958605],[-73.9770934194759,40.3933621939259],[-73.977172420827,40.3933721952298],[-73.9772834200488,40.3933711956749]]}},{"type":"Feature","id":146441,"properties":{"OBJECTID":146441,"PRIMENAME":"Navesink Avenue","ELEVTYP_F":0,"ELEVTYP_T":0},"geometry":{"type":"LineString","coordinates":[[-73.9881388476568,40.3716955402954],[-73.9882397711704,40.3721990681182],[-73.9883930392359,40.3730097099397],[-73.988442254316,40.3732842257124],[-73.9884246726224,40.3733451450935],[-73.9884138527349,40.3733853416976]]}},{"type":"Feature","id":149123,"properties":{"OBJECTID":149123,"PRIMENAME":"Mountain View Way","ELEVTYP_F":0,"ELEVTYP_T":0},"geometry":{"type":"LineString","coordinates":[[-73.9758168025939,40.3936704121767],[-73.9759000413661,40.39366398152],[-73.9768917612882,40.3935874079899]]}},{"type":"Feature","id":151135,"properties":{"OBJECTID":151135,"PRIMENAME":"Ocean Avenue","ELEVTYP_F":0,"ELEVTYP_T":0},"geometry":{"type":"LineString","coordinates":[[-73.9741023412429,40.363531026021],[-73.9741008990608,40.3639891624752],[-73.9741032858969,40.3642823033468],[-73.9740961766371,40.364596813006],[-73.9740970466281,40.3647203055793],[-73.9741016736269,40.3653763587852]]}},{"type":"Feature","id":152030,"properties":{"OBJECTID":152030,"PRIMENAME":"Shrewsbury Drive","ELEVTYP_F":0,"ELEVTYP_T":0},"geometry":{"type":"LineString","coordinates":[[-73.9865719461091,40.363402963808],[-73.9865702167285,40.3634038621821],[-73.986382668628,40.363493592246],[-73.9861826310609,40.3635737142496],[-73.9860013977726,40.3636491703642],[-73.9856953136145,40.3637526476999],[-73.9852832520089,40.3638652337049],[-73.9848962046876,40.3639587953956],[-73.9845404507028,40.3640429970368],[-73.9841100168499,40.3641077860707],[-73.9837795653744,40.3641444422758],[-73.9834615677254,40.3641716270116],[-73.9832059784738,40.3641895636127],[-73.9828133735089,40.364197334748],[-73.9825393057272,40.3641865826814],[-73.9821345393979,40.3641609155067],[-73.9816987335261,40.3641160834428],[-73.9814808303798,40.3640960282916],[-73.9812565738239,40.3640902735316],[-73.9810882988684,40.364094267754],[-73.9808325631711,40.3641312507449],[-73.9805642286611,40.3641872549962],[-73.9801896250596,40.364285633836],[-73.9800711235039,40.3642994034413],[-73.9800225075539,40.3643024245021]]}},{"type":"Feature","id":152536,"properties":{"OBJECTID":152536,"PRIMENAME":"Ocean Avenue","ELEVTYP_F":0,"ELEVTYP_T":0},"geometry":{"type":"LineString","coordinates":[[-73.9737959804373,40.3500461796591],[-73.9737933088322,40.3506622422177],[-73.9737847243431,40.3517667007035],[-73.9737764724721,40.3528283076185],[-73.9737753158359,40.3529771048589]]}},{"type":"Feature","id":153165,"properties":{"OBJECTID":153165,"PRIMENAME":"Ocean Avenue","ELEVTYP_F":0,"ELEVTYP_T":0},"geometry":{"type":"LineString","coordinates":[[-73.9764415216662,40.3983580555287],[-73.9765204201887,40.3989601954968],[-73.9765534207707,40.3991461959239],[-73.9766114217658,40.3993551966078],[-73.9766114865965,40.3993554959143]]}},{"type":"Feature","id":154201,"properties":{"OBJECTID":154201,"PRIMENAME":"Meadow Lane","ELEVTYP_F":0,"ELEVTYP_T":0},"geometry":{"type":"LineString","coordinates":[[-73.9803229136722,40.3703930980289],[-73.9804022726549,40.3703787128272],[-73.9814798345873,40.3701832336993],[-73.981759070191,40.3701409201632],[-73.9823919933539,40.3700218413467],[-73.9824495020211,40.370011035181]]}},{"type":"Feature","id":155120,"properties":{"OBJECTID":155120,"PRIMENAME":"FR RAMP B101150 to RT 36 SB","ELEVTYP_F":0,"ELEVTYP_T":0},"geometry":{"type":"LineString","coordinates":[[-73.9767848705455,40.3958377046318],[-73.9768177028841,40.3957960223843],[-73.9768509911731,40.3957545520821]]}},{"type":"Feature","id":155249,"properties":{"OBJECTID":155249,"PRIMENAME":"FR RT 36 SB to CO 520","ELEVTYP_F":0,"ELEVTYP_T":0},"geometry":{"type":"LineString","coordinates":[[-73.9740974956716,40.3664773481386],[-73.974114339554,40.3664251342652],[-73.9741271586417,40.3663722557398],[-73.9741359089803,40.3663188939128],[-73.9741405605696,40.3662652317913],[-73.9741499581136,40.3661473194112],[-73.9741576467202,40.3660293346092],[-73.974159146917,40.3660081196708],[-73.9741625465637,40.36598703346],[-73.9741678296355,40.3659661753595],[-73.9741749712305,40.365945643677],[-73.9741839376878,40.3659255351813],[-73.9741946867454,40.3659059446472],[-73.97420716774,40.3658869644075],[-73.9742213218452,40.365868683919],[-73.9742370821918,40.3658511900772],[-73.9742543745497,40.3658345645655],[-73.9742993409212,40.3658096706439],[-73.9743328849207,40.3657939711155],[-73.9743676760137,40.3657799491999],[-73.9744035709946,40.3657676626132],[-73.9744404221143,40.3657571619286],[-73.9744780776884,40.3657484903685],[-73.9745163827213,40.3657416836261],[-73.9745551795445,40.3657367697188],[-73.9745943084651,40.365733768873]]}},{"type":"Feature","id":155260,"properties":{"OBJECTID":155260,"PRIMENAME":"Island View Way","ELEVTYP_F":0,"ELEVTYP_T":0},"geometry":{"type":"LineString","coordinates":[[-73.9747751048068,40.3487542991858],[-73.9749210597988,40.348754961873],[-73.9751083989055,40.3487558121888]]}},{"type":"Feature","id":155833,"properties":{"OBJECTID":155833,"PRIMENAME":"Unnamed Segment","ELEVTYP_F":0,"ELEVTYP_T":0},"geometry":{"type":"LineString","coordinates":[[-73.974743497294,40.3483827719077],[-73.9748254155921,40.3482751857251],[-73.974897417435,40.3481511869571]]}},{"type":"Feature","id":155856,"properties":{"OBJECTID":155856,"PRIMENAME":"Waterman Avenue","ELEVTYP_F":0,"ELEVTYP_T":0},"geometry":{"type":"LineString","coordinates":[[-73.9816178569418,40.3595461229401],[-73.9808719439868,40.3597788632399],[-73.9803223802073,40.3599527177403],[-73.9802598284075,40.3599858182736],[-73.9802096196154,40.3600284724793],[-73.980134029629,40.3601377469851],[-73.9791706600495,40.3614583466086],[-73.9785724833532,40.3622801932562],[-73.9785298681461,40.3623383090382]]}},{"type":"Feature","id":155960,"properties":{"OBJECTID":155960,"PRIMENAME":"FR CO 8 to RT 36 NB","ELEVTYP_F":0,"ELEVTYP_T":0},"geometry":{"type":"LineString","coordinates":[[-73.9818021215973,40.3970613817674],[-73.9818387880529,40.3970598636802],[-73.9818787170637,40.3970496536919],[-73.9819092585977,40.3970395898638],[-73.9819571717568,40.3970398765804],[-73.9820020759815,40.39704665964],[-73.9820421236686,40.3970629254053],[-73.9824142100627,40.3972577810685],[-73.9825665209863,40.3973329935767],[-73.9826138118658,40.3973513513242],[-73.9826690840202,40.3973636771341],[-73.9827165291572,40.3973618854623],[-73.9827640265639,40.3973580351368],[-73.9828194270715,40.3973441995948],[-73.9828722939611,40.3973283226479],[-73.9829329987651,40.3973205234604],[-73.9829936064851,40.3973207944615],[-73.9830515458605,40.3973270923076],[-73.9831278787804,40.3973415439001],[-73.9831584375804,40.3973458531684]]}},{"type":"Feature","id":156493,"properties":{"OBJECTID":156493,"PRIMENAME":"Holly Tree Lane","ELEVTYP_F":0,"ELEVTYP_T":0},"geometry":{"type":"LineString","coordinates":[[-73.9868305508017,40.371831366287],[-73.987188573709,40.3717938735536],[-73.9876282792103,40.3717478261307],[-73.9880500319761,40.3716930882853],[-73.9881388476568,40.3716955402954]]}},{"type":"Feature","id":157233,"properties":{"OBJECTID":157233,"PRIMENAME":"Ocean Avenue","ELEVTYP_F":0,"ELEVTYP_T":0},"geometry":{"type":"LineString","coordinates":[[-73.9737665277619,40.3566178430393],[-73.9737654879691,40.3571166902595]]}},{"type":"Feature","id":157886,"properties":{"OBJECTID":157886,"PRIMENAME":"Oyster Bay Drive","ELEVTYP_F":0,"ELEVTYP_T":0},"geometry":{"type":"LineString","coordinates":[[-73.9853164205519,40.3592775265219],[-73.9853367440015,40.3592854129719],[-73.9853803073426,40.3592903289156],[-73.9854363948773,40.3592858563681],[-73.9855488588092,40.3592481989127],[-73.985730117247,40.359172744443],[-73.9857815792537,40.359162952647],[-73.9858343594354,40.3591544582176],[-73.9858871097967,40.3591546927137],[-73.9859358072707,40.3591593286524],[-73.9860166888509,40.3591740183352],[-73.9860911104477,40.359217228003],[-73.9861467641898,40.3592746853538],[-73.9863195338323,40.3594946831955],[-73.9867022082715,40.3599633646253],[-73.9870663538238,40.3604225742313],[-73.9872082345775,40.3606090800191],[-73.9872727319285,40.3606883654045],[-73.9873872191431,40.3608291028819],[-73.9877761975459,40.3613026685126],[-73.9883376034335,40.3620295788351],[-73.988389740775,40.3621063726486]]}},{"type":"Feature","id":158114,"properties":{"OBJECTID":158114,"PRIMENAME":"Unnamed Segment","ELEVTYP_F":0,"ELEVTYP_T":0},"geometry":{"type":"LineString","coordinates":[[-73.9751083989055,40.3487558121888],[-73.9751205104581,40.3486466705997],[-73.9751268726165,40.348531619874],[-73.9751714718384,40.3484230183808],[-73.975243417256,40.3483341859081]]}},{"type":"Feature","id":160798,"properties":{"OBJECTID":160798,"PRIMENAME":"Atlantic Way","ELEVTYP_F":0,"ELEVTYP_T":0},"geometry":{"type":"LineString","coordinates":[[-73.975897872396,40.380535594167],[-73.975174723434,40.3805628977258],[-73.9746989590652,40.3805808579694],[-73.9746103393469,40.3805841885567]]}},{"type":"Feature","id":161440,"properties":{"OBJECTID":161440,"PRIMENAME":"Oceanview Terrace","ELEVTYP_F":0,"ELEVTYP_T":0},"geometry":{"type":"LineString","coordinates":[[-73.9840834216002,40.395588194146],[-73.9843014215214,40.3955891945032],[-73.98434942223,40.3955821953201],[-73.9843714207698,40.3955741957409],[-73.9844244225234,40.395545195416],[-73.9844484226304,40.3955241958661],[-73.9844764227844,40.3954911950701],[-73.9845164228417,40.3954161958625],[-73.9845194212344,40.3953921953974],[-73.9845154213825,40.3951421943206],[-73.9845254219328,40.3949001948097],[-73.9845084220799,40.3944981955421]]}},{"type":"Feature","id":162275,"properties":{"OBJECTID":162275,"PRIMENAME":"Oceanview Avenue","ELEVTYP_F":0,"ELEVTYP_T":0},"geometry":{"type":"LineString","coordinates":[[-73.9820255922216,40.3946069580389],[-73.981999872281,40.3947116803237],[-73.9820178107724,40.3948118499899],[-73.9819714128921,40.395169090049],[-73.9820073806315,40.3951756079109]]}},{"type":"Feature","id":163028,"properties":{"OBJECTID":163028,"PRIMENAME":"Windmill Lane","ELEVTYP_F":0,"ELEVTYP_T":0},"geometry":{"type":"LineString","coordinates":[[-73.9865195055212,40.3690463496009],[-73.9865039223143,40.3691039019828],[-73.9863388707078,40.3697132841395],[-73.9862871667001,40.3699041734791],[-73.9861466641381,40.3704130819229]]}},{"type":"Feature","id":169518,"properties":{"OBJECTID":169518,"PRIMENAME":"Navesink Avenue","ELEVTYP_F":0,"ELEVTYP_T":0},"geometry":{"type":"LineString","coordinates":[[-73.9870536356766,40.3658172347559],[-73.9872111382038,40.3666858480983],[-73.9872266760329,40.3667666635995],[-73.9874357152347,40.3678539010536],[-73.9875014664075,40.3682198757734]]}},{"type":"Feature","id":169591,"properties":{"OBJECTID":169591,"PRIMENAME":"Waterman Avenue","ELEVTYP_F":0,"ELEVTYP_T":0},"geometry":{"type":"LineString","coordinates":[[-73.9785298681461,40.3623383090382],[-73.9782072185376,40.3627789375164],[-73.9781755911891,40.3628407530588],[-73.9781437065789,40.3629359220071],[-73.9781173682654,40.3631216796698],[-73.9781091371533,40.3631837925998]]}},{"type":"Feature","id":169615,"properties":{"OBJECTID":169615,"PRIMENAME":"Unnamed Segment","ELEVTYP_F":0,"ELEVTYP_T":0},"geometry":{"type":"LineString","coordinates":[[-73.9830464212054,40.3896811939597],[-73.9826854212257,40.3896481939299],[-73.9824994216316,40.3896621934858],[-73.9824084206525,40.3896751949792],[-73.9823414200793,40.3896841942076]]}},{"type":"Feature","id":169945,"properties":{"OBJECTID":169945,"PRIMENAME":"Highland Avenue","ELEVTYP_F":0,"ELEVTYP_T":0},"geometry":{"type":"LineString","coordinates":[[-73.9845825005212,40.397552825797],[-73.984657464392,40.3975914822418],[-73.9848313072765,40.3976780709737],[-73.9849866617562,40.3977454708765],[-73.9851233100397,40.3978128142975],[-73.9852723452677,40.3978801847771],[-73.9854215614722,40.3979380585983],[-73.985595733158,40.3979864892357],[-73.9857574817048,40.3980301152765],[-73.9858882825224,40.3980497481896],[-73.986031506018,40.3980646879873],[-73.9861249664439,40.3980698524558],[-73.9862184990837,40.3980655189975],[-73.9864121739287,40.3980139466987],[-73.9865557606715,40.3979812299802],[-73.9866306223578,40.397976786262],[-73.9866928817518,40.3979865878496],[-73.9868359232663,40.398030157258],[-73.9875877963397,40.3983432287112],[-73.9877693550829,40.3984215838246]]}},{"type":"Feature","id":172059,"properties":{"OBJECTID":172059,"PRIMENAME":"Unnamed Segment","ELEVTYP_F":0,"ELEVTYP_T":0},"geometry":{"type":"LineString","coordinates":[[-73.9737687700593,40.3538191753853],[-73.9740414176037,40.3538181873547],[-73.9743194165943,40.3538261871608],[-73.9743654157103,40.3538441867345],[-73.9743964162462,40.3538761871651],[-73.9744064160378,40.3539111867845],[-73.9743814157387,40.3542891880089],[-73.9743564156897,40.354339186484],[-73.974312417135,40.3543821870264],[-73.9742534163822,40.3544121878449],[-73.9742164174053,40.3544221870774],[-73.9740434176846,40.3544301881271],[-73.9737639970332,40.3544331709002]]}},{"type":"Feature","id":172137,"properties":{"OBJECTID":172137,"PRIMENAME":"Highland Avenue","ELEVTYP_F":0,"ELEVTYP_T":0},"geometry":{"type":"LineString","coordinates":[[-73.983735601934,40.3969650010657],[-73.9838822265892,40.3970685575899],[-73.9843471208791,40.3974090002707],[-73.9845083946959,40.3975145847222],[-73.9845825005212,40.397552825797]]}},{"type":"Feature","id":172772,"properties":{"OBJECTID":172772,"PRIMENAME":"Ocean Avenue","ELEVTYP_F":0,"ELEVTYP_T":0},"geometry":{"type":"LineString","coordinates":[[-73.9758168025939,40.3936704121767],[-73.9758603006056,40.3940309213153],[-73.9758793491259,40.39418879122]]}},{"type":"Feature","id":173742,"properties":{"OBJECTID":173742,"PRIMENAME":"Black Point Road","ELEVTYP_F":0,"ELEVTYP_T":0},"geometry":{"type":"LineString","coordinates":[[-73.9896610590764,40.3733863228499],[-73.9899501874922,40.3734041513522],[-73.9904054530131,40.3734235903561],[-73.9910828895578,40.3734439784454],[-73.9914152437166,40.3734605110328]]}},{"type":"Feature","id":174271,"properties":{"OBJECTID":174271,"PRIMENAME":"Portland Road","ELEVTYP_F":0,"ELEVTYP_T":0},"geometry":{"type":"LineString","coordinates":[[-73.9828037484225,40.3929464991622],[-73.982770936902,40.3925180669827],[-73.9827725412981,40.3923083711568],[-73.982761470616,40.3921176969488],[-73.9827254458273,40.3919411872011],[-73.9826599734053,40.3915357895625],[-73.9826121130797,40.391268690563],[-73.9825882179662,40.3911398907499],[-73.9825761244531,40.3910921800057],[-73.982588910854,40.3910493575984],[-73.9826391789927,40.3909924006768],[-73.9827022326893,40.3909068694829],[-73.9827339056832,40.3908355271179],[-73.9827720082497,40.3907403851847],[-73.982816793292,40.3905928403781],[-73.9828485753878,40.3905119732622],[-73.9828740376633,40.3904405472376],[-73.9829493658192,40.3903694279444],[-73.9831122968099,40.3902557926663],[-73.983139387795,40.3902365877542],[-73.9832125766197,40.3901847018689],[-73.983325202962,40.3901280782438],[-73.9833418476107,40.3901222263793]]}},{"type":"Feature","id":174768,"properties":{"OBJECTID":174768,"PRIMENAME":"Wood Lane","ELEVTYP_F":0,"ELEVTYP_T":0},"geometry":{"type":"LineString","coordinates":[[-73.9896610590764,40.3733863228499],[-73.9896602460358,40.3733419021003],[-73.989656250313,40.3731197995547],[-73.9896343133298,40.3730064374923],[-73.9896163990481,40.372949889723],[-73.9895774452171,40.3729035993176],[-73.9895559121135,40.3728319371342],[-73.9895180071338,40.3725705121874],[-73.9894742028747,40.3723395039176]]}},{"type":"Feature","id":174982,"properties":{"OBJECTID":174982,"PRIMENAME":"Peninsula Avenue","ELEVTYP_F":0,"ELEVTYP_T":0},"geometry":{"type":"LineString","coordinates":[[-73.9741023412429,40.363531026021],[-73.9742518861113,40.363531101597],[-73.9747884152514,40.3635313246599],[-73.9750761560942,40.363531442149]]}},{"type":"Feature","id":176192,"properties":{"OBJECTID":176192,"PRIMENAME":"Rumson Road","ELEVTYP_F":0,"ELEVTYP_T":0},"geometry":{"type":"LineString","coordinates":[[-73.9870536356766,40.3658172347559],[-73.987009924254,40.3658216521904],[-73.9869257857249,40.3658284165819],[-73.9867996037605,40.3658278567258],[-73.9866454747005,40.3658164387717],[-73.9864586425989,40.3658013349588],[-73.986183115906,40.3657786433597],[-73.9858422188662,40.3657485516967],[-73.9854919915122,40.3657183616813],[-73.9851861330463,40.3656916347645]]}},{"type":"Feature","id":177489,"properties":{"OBJECTID":177489,"PRIMENAME":"Rumson Road","ELEVTYP_F":0,"ELEVTYP_T":0},"geometry":{"type":"LineString","coordinates":[[-73.977594380295,40.3650828429426],[-73.9768379226674,40.3650175112546],[-73.9768392607537,40.3650086126101]]}},{"type":"Feature","id":177867,"properties":{"OBJECTID":177867,"PRIMENAME":"Hartshorne Lane","ELEVTYP_F":0,"ELEVTYP_T":0},"geometry":{"type":"LineString","coordinates":[[-73.9798201244712,40.3686811936514],[-73.9798754416488,40.3686533080501],[-73.980156248011,40.3686009569142]]}},{"type":"Feature","id":179355,"properties":{"OBJECTID":179355,"PRIMENAME":"Grand Pointe Way","ELEVTYP_F":0,"ELEVTYP_T":0},"geometry":{"type":"LineString","coordinates":[[-73.9742613856393,40.3750838730637],[-73.9742623161171,40.3750838529763],[-73.9745032946428,40.3750787887202]]}},{"type":"Feature","id":180152,"properties":{"OBJECTID":180152,"PRIMENAME":"Ocean Avenue","ELEVTYP_F":0,"ELEVTYP_T":0},"geometry":{"type":"LineString","coordinates":[[-73.9737710380123,40.3596848952958],[-73.9737743388592,40.3597126646773],[-73.9737923121427,40.3598056707895],[-73.9738148665531,40.3599094316599],[-73.973855784478,40.3600561829245],[-73.9738922795816,40.3601671439269],[-73.9739635418395,40.3603434618412]]}},{"type":"Feature","id":180310,"properties":{"OBJECTID":180310,"PRIMENAME":"Sandpiper Lane","ELEVTYP_F":0,"ELEVTYP_T":0},"geometry":{"type":"LineString","coordinates":[[-73.9726444178285,40.3566301875662],[-73.9735614160489,40.3566341885558]]}},{"type":"Feature","id":181380,"properties":{"OBJECTID":181380,"PRIMENAME":"Pond Road","ELEVTYP_F":0,"ELEVTYP_T":0},"geometry":{"type":"LineString","coordinates":[[-73.9837015731957,40.3685903209097],[-73.9837176833899,40.3686473272078],[-73.9839172304839,40.3693537006348],[-73.9840305196197,40.3697030085126],[-73.9841675709432,40.3701255808592],[-73.9842287596941,40.3703515017174],[-73.98432815298,40.3707184864063]]}},{"type":"Feature","id":181575,"properties":{"OBJECTID":181575,"PRIMENAME":"North Ward Avenue","ELEVTYP_F":0,"ELEVTYP_T":0},"geometry":{"type":"LineString","coordinates":[[-73.9803229136722,40.3703930980289],[-73.9802502215634,40.3701563021649],[-73.9801166734081,40.3696981357141],[-73.9801125740806,40.3696854623035],[-73.9798062698424,40.3687387835215],[-73.9798191988975,40.3686816596258],[-73.9798201244712,40.3686811936514]]}},{"type":"Feature","id":181971,"properties":{"OBJECTID":181971,"PRIMENAME":"Rumson Road","ELEVTYP_F":0,"ELEVTYP_T":0},"geometry":{"type":"LineString","coordinates":[[-73.9951698347089,40.3629469826579],[-73.9947494974402,40.363185597564],[-73.9941113198408,40.3635438261702],[-73.993628035911,40.3638098051846],[-73.9932808832104,40.3639834273453],[-73.9924132572413,40.3644085570101],[-73.9917331832217,40.3647415802135],[-73.9914048889542,40.3648974080286],[-73.9912407852574,40.3649717399005],[-73.9911000885518,40.3650354676405],[-73.9909908243688,40.3650749854516],[-73.9909829529062,40.3650778319785],[-73.9908687999493,40.3651195230346]]}},{"type":"Feature","id":182192,"properties":{"OBJECTID":182192,"PRIMENAME":"Unnamed Segment","ELEVTYP_F":0,"ELEVTYP_T":0},"geometry":{"type":"LineString","coordinates":[[-73.9743264164468,40.3480321869925],[-73.9744354176729,40.348070186286],[-73.9745144178848,40.3480831867465],[-73.9745954161571,40.3480871852298],[-73.9746444172185,40.3480841861841],[-73.9746864154112,40.348081185034],[-73.974897417435,40.3481511869571]]}},{"type":"Feature","id":182713,"properties":{"OBJECTID":182713,"PRIMENAME":"Light House Road","ELEVTYP_F":0,"ELEVTYP_T":0},"geometry":{"type":"LineString","coordinates":[[-73.9845825005212,40.397552825797],[-73.9846986095767,40.3975635826841],[-73.9847514980281,40.3975684854916]]}},{"type":"Feature","id":185415,"properties":{"OBJECTID":185415,"PRIMENAME":"FR RT 36 SB to RAMP A101130","ELEVTYP_F":0,"ELEVTYP_T":0},"geometry":{"type":"LineString","coordinates":[[-73.9767893600222,40.3957154771652],[-73.9767241877822,40.3957987627638]]}},{"type":"Feature","id":190290,"properties":{"OBJECTID":190290,"PRIMENAME":"Highland Avenue","ELEVTYP_F":0,"ELEVTYP_T":0},"geometry":{"type":"LineString","coordinates":[[-73.9889577333123,40.398931842007],[-73.9890231599264,40.3989596376572],[-73.989059987164,40.3989756129648]]}},{"type":"Feature","id":190296,"properties":{"OBJECTID":190296,"PRIMENAME":"Ocean Avenue","ELEVTYP_F":0,"ELEVTYP_T":0},"geometry":{"type":"LineString","coordinates":[[-73.9757343362204,40.3930251412609],[-73.9759434207075,40.3930161945604]]}},{"type":"Feature","id":191893,"properties":{"OBJECTID":191893,"PRIMENAME":"Shrewsbury Drive","ELEVTYP_F":0,"ELEVTYP_T":0},"geometry":{"type":"LineString","coordinates":[[-73.9892758716518,40.3611308634022],[-73.9892727335966,40.3611329363461],[-73.9891537004032,40.361222946474],[-73.9889651889331,40.361431845748],[-73.9888142502854,40.3616170544196],[-73.9886758699769,40.3617927661385],[-73.9884936723389,40.3619921384604],[-73.988389740775,40.3621063726486]]}},{"type":"Feature","id":192529,"properties":{"OBJECTID":192529,"PRIMENAME":"Waterman Avenue","ELEVTYP_F":0,"ELEVTYP_T":0},"geometry":{"type":"LineString","coordinates":[[-73.9781091371533,40.3631837925998],[-73.9780048881795,40.3639695142732],[-73.9779827682762,40.364138572196]]}},{"type":"Feature","id":193040,"properties":{"OBJECTID":193040,"PRIMENAME":"Hartshorne Lane","ELEVTYP_F":0,"ELEVTYP_T":0},"geometry":{"type":"LineString","coordinates":[[-73.9865195055212,40.3690463496009],[-73.9872085188497,40.3691624757109],[-73.9875604541584,40.3692217887181],[-73.9876162210148,40.3692311872752],[-73.9876860838615,40.3692427800801]]}},{"type":"Feature","id":200475,"properties":{"OBJECTID":200475,"PRIMENAME":"Prospect Street","ELEVTYP_F":0,"ELEVTYP_T":0},"geometry":{"type":"LineString","coordinates":[[-73.9891897389964,40.397009875289],[-73.9891508852514,40.3970587652375],[-73.989077747164,40.39717258591],[-73.9890754912794,40.3971771052728],[-73.9890190498198,40.3972901764918],[-73.9889795689953,40.3974115301906],[-73.9889593780256,40.397536620331],[-73.9889633815043,40.3976434244786],[-73.9889866381166,40.397754020755],[-73.9890195457491,40.3978609526298],[-73.9890526483376,40.3979421089741],[-73.9890908121357,40.397990180963],[-73.9891597725907,40.3980538980564],[-73.989248872888,40.3981087012491],[-73.9893135232811,40.3981395131625],[-73.9893960622248,40.3981787214638],[-73.989451091632,40.3981902197742]]}},{"type":"Feature","id":201210,"properties":{"OBJECTID":201210,"PRIMENAME":"Hartshorne Lane","ELEVTYP_F":0,"ELEVTYP_T":0},"geometry":{"type":"LineString","coordinates":[[-73.9819726029187,40.3683108714591],[-73.9821397421821,40.3683346243126],[-73.9826811932691,40.3684180850388],[-73.9831259483155,40.3684931232751]]}},{"type":"Feature","id":202983,"properties":{"OBJECTID":202983,"PRIMENAME":"Hartshorne Drive","ELEVTYP_F":0,"ELEVTYP_T":0},"geometry":{"type":"LineString","coordinates":[[-73.9766114865965,40.3993554959143],[-73.9766274191059,40.3994291963915],[-73.9769364206408,40.399868195679],[-73.9773534222966,40.4004741965435],[-73.9774424193314,40.4006301963137],[-73.9775454199195,40.4008421972302],[-73.9776344185538,40.4010951968409],[-73.9777434200466,40.401538196874],[-73.9778064217351,40.4018581964994]]}},{"type":"Feature","id":207872,"properties":{"OBJECTID":207872,"PRIMENAME":"Portland Road","ELEVTYP_F":0,"ELEVTYP_T":0},"geometry":{"type":"LineString","coordinates":[[-73.9827784524005,40.3961160265997],[-73.9827982544531,40.3959489811626]]}},{"type":"Feature","id":208795,"properties":{"OBJECTID":208795,"PRIMENAME":"Portland Road","ELEVTYP_F":0,"ELEVTYP_T":0},"geometry":{"type":"LineString","coordinates":[[-73.9827444995677,40.3952459288796],[-73.9827437601835,40.395244031521],[-73.9826762044439,40.3951150635179],[-73.9826272463998,40.3950004529688],[-73.9825780342763,40.3949096695602],[-73.9825476711245,40.3948094732029],[-73.9825547213888,40.3946998902456],[-73.9825558805449,40.3946938836433]]}},{"type":"Feature","id":209890,"properties":{"OBJECTID":209890,"PRIMENAME":"Ocean Avenue","ELEVTYP_F":0,"ELEVTYP_T":0},"geometry":{"type":"LineString","coordinates":[[-73.9737753158359,40.3529771048589],[-73.9737699204854,40.3536711833183]]}},{"type":"Feature","id":210061,"properties":{"OBJECTID":210061,"PRIMENAME":"Twin Light Court","ELEVTYP_F":0,"ELEVTYP_T":0},"geometry":{"type":"LineString","coordinates":[[-73.985484422842,40.3942531958627],[-73.9853714226285,40.3942121947103],[-73.985296423203,40.3941671953266],[-73.9852744234164,40.3941461952838],[-73.9852624225059,40.3941201943458],[-73.9851924228269,40.3936381937506]]}},{"type":"Feature","id":210750,"properties":{"OBJECTID":210750,"PRIMENAME":"South Peak Street","ELEVTYP_F":0,"ELEVTYP_T":0},"geometry":{"type":"LineString","coordinates":[[-73.9880613945564,40.391565600015],[-73.9880634883313,40.391506252394]]}},{"type":"Feature","id":212068,"properties":{"OBJECTID":212068,"PRIMENAME":"Marius Lane","ELEVTYP_F":0,"ELEVTYP_T":0},"geometry":{"type":"LineString","coordinates":[[-73.9737652947242,40.3576179460193],[-73.9725754177797,40.3576011886702]]}},{"type":"Feature","id":212647,"properties":{"OBJECTID":212647,"PRIMENAME":"Tyson Lane","ELEVTYP_F":0,"ELEVTYP_T":0},"geometry":{"type":"LineString","coordinates":[[-73.9824495020211,40.370011035181],[-73.9823502785441,40.3696954999421],[-73.9823322971422,40.3696383202712],[-73.9821100085649,40.3689275597611],[-73.9819880520859,40.3684915455303],[-73.9819828846896,40.3684305522098],[-73.9819776442991,40.3683695585614],[-73.9819726029187,40.3683108714591]]}},{"type":"Feature","id":213420,"properties":{"OBJECTID":213420,"PRIMENAME":"Grand Pointe Way","ELEVTYP_F":0,"ELEVTYP_T":0},"geometry":{"type":"LineString","coordinates":[[-73.9745167106554,40.3758936671593],[-73.9746187648787,40.3759262334408],[-73.9750875940023,40.3759233457985]]}},{"type":"Feature","id":215411,"properties":{"OBJECTID":215411,"PRIMENAME":"Hartshorne Lane","ELEVTYP_F":0,"ELEVTYP_T":0},"geometry":{"type":"LineString","coordinates":[[-73.980156248011,40.3686009569142],[-73.9802498504246,40.3685835069856],[-73.9803499527423,40.3685363009037],[-73.9803733606397,40.3685260018101]]}},{"type":"Feature","id":215616,"properties":{"OBJECTID":215616,"PRIMENAME":"Ocean Avenue","ELEVTYP_F":0,"ELEVTYP_T":0},"geometry":{"type":"LineString","coordinates":[[-73.9740974956716,40.3664773481386],[-73.974103898927,40.3666092832778],[-73.9741104241059,40.3669703579006],[-73.9741181512358,40.3677817306436],[-73.9741319041528,40.36841806932],[-73.9741550147978,40.3696513628302],[-73.9741550945253,40.3696585278338],[-73.974171552728,40.3711348202641],[-73.9741878883888,40.372039237665],[-73.9741987463444,40.3724432122964],[-73.9742102513737,40.3733690744192],[-73.9742150821145,40.3739481079643],[-73.9742161217197,40.3742241830801],[-73.9742166169593,40.3743556084321],[-73.9742283921307,40.3746416268284],[-73.9742613856393,40.3750838730637]]}},{"type":"Feature","id":216541,"properties":{"OBJECTID":216541,"PRIMENAME":"Waterman Avenue","ELEVTYP_F":0,"ELEVTYP_T":0},"geometry":{"type":"LineString","coordinates":[[-73.9779827682762,40.364138572196],[-73.9778659167002,40.3650316821215],[-73.9778562316386,40.3651054563309]]}},{"type":"Feature","id":216681,"properties":{"OBJECTID":216681,"PRIMENAME":"North Ward Avenue","ELEVTYP_F":0,"ELEVTYP_T":0},"geometry":{"type":"LineString","coordinates":[[-73.9809213842243,40.3723695941441],[-73.9809175632808,40.3723509867596],[-73.9806575268306,40.3714830357175],[-73.9803229136722,40.3703930980289]]}},{"type":"Feature","id":216698,"properties":{"OBJECTID":216698,"PRIMENAME":"Ocean Avenue","ELEVTYP_F":0,"ELEVTYP_T":0},"geometry":{"type":"LineString","coordinates":[[-73.9745820173395,40.3801174629181],[-73.9746103393469,40.3805841885567]]}},{"type":"Feature","id":216893,"properties":{"OBJECTID":216893,"PRIMENAME":"South Ward Avenue","ELEVTYP_F":0,"ELEVTYP_T":0},"geometry":{"type":"LineString","coordinates":[[-73.9798698476073,40.362471005623],[-73.980019091717,40.362934842796],[-73.9801036219894,40.3632831474178],[-73.9801131790913,40.3633424583818]]}},{"type":"Feature","id":218153,"properties":{"OBJECTID":218153,"PRIMENAME":"South Street","ELEVTYP_F":0,"ELEVTYP_T":0},"geometry":{"type":"LineString","coordinates":[[-73.974114335884,40.3619875214265],[-73.9742513938477,40.3619869367843],[-73.9753350041696,40.3619822216087]]}},{"type":"Feature","id":218404,"properties":{"OBJECTID":218404,"PRIMENAME":"North Ward Avenue","ELEVTYP_F":0,"ELEVTYP_T":0},"geometry":{"type":"LineString","coordinates":[[-73.9805336702197,40.3727750245017],[-73.9809016470953,40.3725158181983],[-73.9809360345796,40.3724409415286],[-73.9809213842243,40.3723695941441]]}},{"type":"Feature","id":219880,"properties":{"OBJECTID":219880,"PRIMENAME":"Normandie Place","ELEVTYP_F":0,"ELEVTYP_T":0},"geometry":{"type":"LineString","coordinates":[[-73.9753139518768,40.3816812509782],[-73.9752578690204,40.3808359785116]]}},{"type":"Feature","id":222652,"properties":{"OBJECTID":222652,"PRIMENAME":"Ocean Avenue","ELEVTYP_F":0,"ELEVTYP_T":0},"geometry":{"type":"LineString","coordinates":[[-73.9739457740658,40.3467153538014],[-73.9739453942764,40.3467202993436],[-73.9739360764819,40.3468926746623]]}},{"type":"Feature","id":224503,"properties":{"OBJECTID":224503,"PRIMENAME":"State Highway 36","ELEVTYP_F":0,"ELEVTYP_T":1},"geometry":{"type":"LineString","coordinates":[[-73.9759745374785,40.3947807772133],[-73.9759717460908,40.3948797983028],[-73.9760188415906,40.394992659569],[-73.9761100089849,40.3951659734699],[-73.9761777027996,40.3952736880507],[-73.9762692589625,40.3953972304823],[-73.9763642994299,40.3955129287124],[-73.9764629327131,40.3956076833816],[-73.9765753301003,40.3956946421671],[-73.9767241877822,40.3957987627638]]}},{"type":"Feature","id":225059,"properties":{"OBJECTID":225059,"PRIMENAME":"Bayview Street","ELEVTYP_F":0,"ELEVTYP_T":0},"geometry":{"type":"LineString","coordinates":[[-73.9905317438871,40.3988406484086],[-73.9905088438504,40.3988633319539],[-73.9903361372355,40.3990341440716]]}},{"type":"Feature","id":226064,"properties":{"OBJECTID":226064,"PRIMENAME":"Tradewinds Lane","ELEVTYP_F":0,"ELEVTYP_T":0},"geometry":{"type":"LineString","coordinates":[[-73.9737699204854,40.3536711833183],[-73.973154148426,40.3537221352581],[-73.9731104663142,40.3538723590167],[-73.9731167276395,40.3544334222998],[-73.9731086619468,40.3547870792605],[-73.9731167585512,40.3551123538379],[-73.9731246653647,40.355462019794],[-73.9731173565984,40.3557181119987],[-73.9731325405971,40.3558157511117],[-73.973142630845,40.3558849110321],[-73.973761854008,40.3558729279533]]}},{"type":"Feature","id":227280,"properties":{"OBJECTID":227280,"PRIMENAME":"Highland Avenue","ELEVTYP_F":0,"ELEVTYP_T":0},"geometry":{"type":"LineString","coordinates":[[-73.9877693550829,40.3984215838246],[-73.9885695366865,40.3987669806756],[-73.9889577333123,40.398931842007]]}},{"type":"Feature","id":228407,"properties":{"OBJECTID":228407,"PRIMENAME":"Ocean Avenue","ELEVTYP_F":0,"ELEVTYP_T":0},"geometry":{"type":"LineString","coordinates":[[-73.9737687700593,40.3538191753853],[-73.9737652753154,40.3542687362882],[-73.9737639970332,40.3544331709002]]}},{"type":"Feature","id":229250,"properties":{"OBJECTID":229250,"PRIMENAME":"Ocean Avenue","ELEVTYP_F":0,"ELEVTYP_T":0},"geometry":{"type":"LineString","coordinates":[[-73.9737652947242,40.3576179460193],[-73.9737654112216,40.3578178399944],[-73.9737657590734,40.3584115199529],[-73.9737667589935,40.3587199297888]]}},{"type":"Feature","id":230208,"properties":{"OBJECTID":230208,"PRIMENAME":"Oyster Bay Drive","ELEVTYP_F":0,"ELEVTYP_T":0},"geometry":{"type":"LineString","coordinates":[[-73.9846297488522,40.3588163270165],[-73.9846669598315,40.3588820465024],[-73.9847100135532,40.3589584989129],[-73.9847655571058,40.3590254546732],[-73.9848522848648,40.35908779929],[-73.9849640241276,40.359140729969],[-73.9850999775311,40.3591948112937],[-73.9852622144657,40.3592564496924],[-73.9853164205519,40.3592775265219]]}},{"type":"Feature","id":230273,"properties":{"OBJECTID":230273,"PRIMENAME":"East Church Street","ELEVTYP_F":0,"ELEVTYP_T":0},"geometry":{"type":"LineString","coordinates":[[-73.9730214923778,40.3615142743268],[-73.9737382442062,40.3614794072507],[-73.9738685978464,40.3614776676448]]}},{"type":"Feature","id":231061,"properties":{"OBJECTID":231061,"PRIMENAME":"South Street","ELEVTYP_F":0,"ELEVTYP_T":0},"geometry":{"type":"LineString","coordinates":[[-73.9832982378021,40.3991657244658],[-73.9836990675032,40.3987658979345]]}},{"type":"Feature","id":232834,"properties":{"OBJECTID":232834,"PRIMENAME":"Woodmere Avenue","ELEVTYP_F":0,"ELEVTYP_T":0},"geometry":{"type":"LineString","coordinates":[[-73.9873175108673,40.3629915293202],[-73.987352162649,40.3631025877681],[-73.9876800790963,40.3641535230516],[-73.9880906831845,40.3655662530048],[-73.9881117061453,40.3656385446398]]}},{"type":"Feature","id":233145,"properties":{"OBJECTID":233145,"PRIMENAME":"East Center Street","ELEVTYP_F":0,"ELEVTYP_T":0},"geometry":{"type":"LineString","coordinates":[[-73.9731969830389,40.3597802580223],[-73.9732221091878,40.3597517949128],[-73.9732596872949,40.3597281376248],[-73.9733158123467,40.3597188400541],[-73.9736710744575,40.3597014338469],[-73.9737710380123,40.3596848952958]]}},{"type":"Feature","id":233788,"properties":{"OBJECTID":233788,"PRIMENAME":"Light House Road","ELEVTYP_F":0,"ELEVTYP_T":0},"geometry":{"type":"LineString","coordinates":[[-73.9856134059334,40.3975892882837],[-73.985735927037,40.3975760624324],[-73.9857863273744,40.3975706215335],[-73.9859430083475,40.3975580310109],[-73.9860998806311,40.3975298771277],[-73.9861611348907,40.3975164091442]]}},{"type":"Feature","id":235500,"properties":{"OBJECTID":235500,"PRIMENAME":"FR OCEAN AV to RT 36 NB","ELEVTYP_F":0,"ELEVTYP_T":0},"geometry":{"type":"LineString","coordinates":[[-73.9763633916813,40.3972732531659],[-73.9763714073208,40.3971546459518],[-73.9763845937225,40.3970363091915],[-73.9763933682284,40.3969756933819],[-73.9764038827974,40.3969130788195],[-73.9764135302376,40.3968532211832],[-73.9764282949919,40.3967939766627],[-73.9764481133858,40.3967356007029],[-73.9764728999552,40.3966783450037],[-73.976502547816,40.3966224564335],[-73.9765369291241,40.3965681759661],[-73.9765758956277,40.3965157376406],[-73.9766192793064,40.3964653675531],[-73.9766904444907,40.3964154410133],[-73.9768072288201,40.3963502586219],[-73.9769085488637,40.3963236599184],[-73.9770756453123,40.3962896301938],[-73.9773487584728,40.3962754027426],[-73.9781916375466,40.3962625664553]]}},{"type":"Feature","id":237214,"properties":{"OBJECTID":237214,"PRIMENAME":"Grand Tour","ELEVTYP_F":0,"ELEVTYP_T":0},"geometry":{"type":"LineString","coordinates":[[-73.9866179070495,40.392987052936],[-73.9865924236479,40.3930051949268],[-73.9865634238,40.3930391951303],[-73.9865394234185,40.3930881943171],[-73.9865114222029,40.39321619544],[-73.9864554231253,40.3935431944474]]}},{"type":"Feature","id":238127,"properties":{"OBJECTID":238127,"PRIMENAME":"Ocean Avenue","ELEVTYP_F":0,"ELEVTYP_T":0},"geometry":{"type":"LineString","coordinates":[[-73.9741233442675,40.3608282182376],[-73.9741409996524,40.3606252375925]]}},{"type":"Feature","id":239768,"properties":{"OBJECTID":239768,"PRIMENAME":"Grand Tour","ELEVTYP_F":0,"ELEVTYP_T":0},"geometry":{"type":"LineString","coordinates":[[-73.9869021436157,40.3928793790384],[-73.9869378654817,40.392816692473],[-73.9870297728993,40.3927323380078],[-73.9872014369702,40.3925747771677],[-73.9874588658455,40.3923328889613],[-73.9878670888357,40.3919247897483],[-73.9880303765104,40.3917634654906],[-73.9880555811579,40.3917302235612],[-73.9880613945564,40.391565600015]]}},{"type":"Feature","id":240946,"properties":{"OBJECTID":240946,"PRIMENAME":"Washington Avenue","ELEVTYP_F":0,"ELEVTYP_T":0},"geometry":{"type":"LineString","coordinates":[[-73.9772394428003,40.3631130746089],[-73.9781091371533,40.3631837925998]]}},{"type":"Feature","id":242781,"properties":{"OBJECTID":242781,"PRIMENAME":"Rumson Road","ELEVTYP_F":0,"ELEVTYP_T":0},"geometry":{"type":"LineString","coordinates":[[-73.9889899340542,40.3654831804766],[-73.988488523148,40.3655744096642],[-73.9881117061453,40.3656385446398]]}},{"type":"Feature","id":243770,"properties":{"OBJECTID":243770,"PRIMENAME":"Ocean Avenue","ELEVTYP_F":0,"ELEVTYP_T":0},"geometry":{"type":"LineString","coordinates":[[-73.9739360764819,40.3468926746623],[-73.9739017336155,40.347527925954],[-73.973880992908,40.347844477521],[-73.9738593571312,40.3481746914522],[-73.9738494684538,40.3483345811202]]}},{"type":"Feature","id":245971,"properties":{"OBJECTID":245971,"PRIMENAME":"FR OCEAN AV to RT 36 NB","ELEVTYP_F":0,"ELEVTYP_T":0},"geometry":{"type":"LineString","coordinates":[[-73.9764415216662,40.3983580555287],[-73.9764397692524,40.3982988348933],[-73.9764395041649,40.3982904748357],[-73.9764326200798,40.3981149369233],[-73.9764232938361,40.3979394649301],[-73.9764115265083,40.3977640787155],[-73.9763973194472,40.3975887981289],[-73.9763633916813,40.3972732531659]]}},{"type":"Feature","id":246843,"properties":{"OBJECTID":246843,"PRIMENAME":"East Manor Square","ELEVTYP_F":0,"ELEVTYP_T":0},"geometry":{"type":"LineString","coordinates":[[-73.983735601934,40.3969650010657],[-73.9837259811663,40.3968536513353],[-73.9837080280995,40.3967350970877],[-73.9836824530485,40.3966173662134],[-73.983649319878,40.3965007390924],[-73.983608706518,40.3963855051725],[-73.9835577279289,40.396306839658],[-73.983498630716,40.3962315693041],[-73.983431797569,40.3961601794531],[-73.9833854666769,40.3961493088632],[-73.9833379201752,40.3961421290597],[-73.9832896628803,40.396138709845],[-73.9827784524005,40.3961160265997]]}},{"type":"Feature","id":247556,"properties":{"OBJECTID":247556,"PRIMENAME":"Grant Avenue","ELEVTYP_F":0,"ELEVTYP_T":0},"geometry":{"type":"LineString","coordinates":[[-73.9785298681461,40.3623383090382],[-73.9784538030714,40.3623129847862],[-73.9777001367726,40.3619832421347],[-73.9774851420098,40.3618891764794]]}},{"type":"Feature","id":248377,"properties":{"OBJECTID":248377,"PRIMENAME":"FR CR 36 SB TO HIGHLAND AVE","ELEVTYP_F":0,"ELEVTYP_T":0},"geometry":{"type":"LineString","coordinates":[[-73.9815141982299,40.3965681188801],[-73.9815275480978,40.3965512182603],[-73.9815412861525,40.3965345004757],[-73.981607073554,40.3964839874929]]}},{"type":"Feature","id":249111,"properties":{"OBJECTID":249111,"PRIMENAME":"Shrewsbury River Bridge","ELEVTYP_F":0,"ELEVTYP_T":0},"geometry":{"type":"LineString","coordinates":[[-73.9755373840966,40.3658121672368],[-73.9751173555356,40.3657754273977],[-73.9747563551401,40.3657466663691]]}},{"type":"Feature","id":250407,"properties":{"OBJECTID":250407,"PRIMENAME":"Twin Light Court","ELEVTYP_F":0,"ELEVTYP_T":0},"geometry":{"type":"LineString","coordinates":[[-73.9864554231253,40.3935431944474],[-73.9859484213054,40.3935791937925],[-73.9859024237037,40.3935901950998],[-73.9858654227905,40.3936151936522],[-73.9858364230475,40.3936521946111],[-73.985756421483,40.3938991950027],[-73.9856644235162,40.394156194943],[-73.9856434215647,40.3941891947422],[-73.9855914221488,40.3942321942811],[-73.985484422842,40.3942531958627]]}},{"type":"Feature","id":252137,"properties":{"OBJECTID":252137,"PRIMENAME":"River Street","ELEVTYP_F":0,"ELEVTYP_T":0},"geometry":{"type":"LineString","coordinates":[[-73.9759049457785,40.362466255842],[-73.9753386139284,40.362470194364]]}},{"type":"Feature","id":254961,"properties":{"OBJECTID":254961,"PRIMENAME":"Center Street","ELEVTYP_F":0,"ELEVTYP_T":0},"geometry":{"type":"LineString","coordinates":[[-73.9741759183777,40.359673533273],[-73.9760756597754,40.3597361521769]]}},{"type":"Feature","id":255526,"properties":{"OBJECTID":255526,"PRIMENAME":"Ocean Avenue","ELEVTYP_F":0,"ELEVTYP_T":0},"geometry":{"type":"LineString","coordinates":[[-73.9755964809291,40.3919599726267],[-73.9756738954499,40.3925561340162],[-73.9757343362204,40.3930251412609]]}},{"type":"Feature","id":255841,"properties":{"OBJECTID":255841,"PRIMENAME":"Ocean Avenue","ELEVTYP_F":0,"ELEVTYP_T":0},"geometry":{"type":"LineString","coordinates":[[-73.9744623982715,40.3781832484744],[-73.9745083923439,40.3789071950135],[-73.9745542060754,40.3796588660739]]}},{"type":"Feature","id":255885,"properties":{"OBJECTID":255885,"PRIMENAME":"River Street","ELEVTYP_F":0,"ELEVTYP_T":0},"geometry":{"type":"LineString","coordinates":[[-73.9753386139284,40.362470194364],[-73.9742475803309,40.3624778119244],[-73.9741105185946,40.3624787541002]]}},{"type":"Feature","id":257371,"properties":{"OBJECTID":257371,"PRIMENAME":"Grant Avenue","ELEVTYP_F":0,"ELEVTYP_T":0},"geometry":{"type":"LineString","coordinates":[[-73.9809127226818,40.362556536746],[-73.9798698476073,40.362471005623]]}},{"type":"Feature","id":258794,"properties":{"OBJECTID":258794,"PRIMENAME":"Unnamed Segment","ELEVTYP_F":0,"ELEVTYP_T":0},"geometry":{"type":"LineString","coordinates":[[-73.9759884179522,40.3473431850108],[-73.9760724175481,40.3473081853116],[-73.9761844169628,40.3472881865902]]}},{"type":"Feature","id":259210,"properties":{"OBJECTID":259210,"PRIMENAME":"State Highway 36","ELEVTYP_F":0,"ELEVTYP_T":0},"geometry":{"type":"LineString","coordinates":[[-73.9758793491259,40.39418879122],[-73.9758808683851,40.3942012882165],[-73.9758833321716,40.3942215584364]]}},{"type":"Feature","id":260671,"properties":{"OBJECTID":260671,"PRIMENAME":"Portland Road","ELEVTYP_F":0,"ELEVTYP_T":0},"geometry":{"type":"LineString","coordinates":[[-73.9827982544531,40.3959489811626],[-73.9828275410122,40.3957019425474],[-73.9828283067735,40.395601857577],[-73.9828224696438,40.3955669396807]]}},{"type":"Feature","id":260696,"properties":{"OBJECTID":260696,"PRIMENAME":"Riverview Place","ELEVTYP_F":0,"ELEVTYP_T":0},"geometry":{"type":"LineString","coordinates":[[-73.9751395717921,40.3796401114767],[-73.9751365725587,40.3796010621194],[-73.9750993402951,40.3791162876889]]}},{"type":"Feature","id":260746,"properties":{"OBJECTID":260746,"PRIMENAME":"FR RT 36 NB to OCEAN AVE TO GATEWAY NAT PARK","ELEVTYP_F":0,"ELEVTYP_T":0},"geometry":{"type":"LineString","coordinates":[[-73.976311337418,40.3977910018632],[-73.9763771029263,40.39807443832],[-73.9764415216662,40.3983580555287]]}},{"type":"Feature","id":261332,"properties":{"OBJECTID":261332,"PRIMENAME":"Willow Way","ELEVTYP_F":0,"ELEVTYP_T":0},"geometry":{"type":"LineString","coordinates":[[-73.9745820173395,40.3801174629181],[-73.9746714288988,40.3801136964337],[-73.9757873219892,40.3800663003384],[-73.9758371059063,40.3800760521183],[-73.9758619074579,40.3800904667689]]}},{"type":"Feature","id":261758,"properties":{"OBJECTID":261758,"PRIMENAME":"Twinlight Terrace","ELEVTYP_F":0,"ELEVTYP_T":0},"geometry":{"type":"LineString","coordinates":[[-73.9870856108015,40.3972240572697],[-73.9870779601434,40.397168261866],[-73.9870724269713,40.3971279110622],[-73.9870421288628,40.3969566708293],[-73.9870181314991,40.3967879839371]]}},{"type":"Feature","id":264955,"properties":{"OBJECTID":264955,"PRIMENAME":"Unnamed Segment","ELEVTYP_F":0,"ELEVTYP_T":0},"geometry":{"type":"LineString","coordinates":[[-73.9759434207075,40.3930161945604],[-73.9760054200666,40.3929421950178],[-73.9760264180523,40.3929281951091],[-73.9762584201126,40.3928261946021],[-73.9766124192227,40.3926741945979],[-73.9767334216143,40.3926291949101],[-73.976809419119,40.3925871950656],[-73.9770334201071,40.3925001948252],[-73.9771144187131,40.3924811954964],[-73.9771704184264,40.3924741949285]]}},{"type":"Feature","id":265764,"properties":{"OBJECTID":265764,"PRIMENAME":"Belknap Lane","ELEVTYP_F":0,"ELEVTYP_T":0},"geometry":{"type":"LineString","coordinates":[[-73.9852449360937,40.3677086018294],[-73.9852460910964,40.3675567831301],[-73.9852765377127,40.367295632876],[-73.9853307021544,40.3669126477608],[-73.9853549453604,40.3667168045841],[-73.9853574292974,40.3663902221159],[-73.9853313542513,40.3660765791292],[-73.9853150008699,40.3659806991177],[-73.9852759270316,40.3658803543492],[-73.9852198671921,40.365762528955],[-73.9851861330463,40.3656916347645]]}},{"type":"Feature","id":266517,"properties":{"OBJECTID":266517,"PRIMENAME":"Oyster Bay Drive","ELEVTYP_F":0,"ELEVTYP_T":0},"geometry":{"type":"LineString","coordinates":[[-73.9844511781919,40.3585855659527],[-73.9845993281371,40.3587626037895],[-73.9846297488522,40.3588163270165]]}},{"type":"Feature","id":268254,"properties":{"OBJECTID":268254,"PRIMENAME":"Grand Pointe Way","ELEVTYP_F":0,"ELEVTYP_T":0},"geometry":{"type":"LineString","coordinates":[[-73.9743134626891,40.3758955966852],[-73.9745167106554,40.3758936671593]]}},{"type":"Feature","id":269103,"properties":{"OBJECTID":269103,"PRIMENAME":"Unnamed Segment","ELEVTYP_F":0,"ELEVTYP_T":0},"geometry":{"type":"LineString","coordinates":[[-73.9823414200793,40.3896841942076],[-73.9823004205336,40.3896861947225],[-73.982107420063,40.389695194356],[-73.9820634210161,40.3897041937624],[-73.9820314208898,40.3897311949197],[-73.9820244212269,40.389756194246],[-73.9820494217607,40.3898631945799],[-73.9820754204107,40.3898881940017],[-73.9821024226813,40.3898991947101],[-73.9821874203261,40.3898981937673],[-73.9822944219236,40.3899151942638]]}},{"type":"Feature","id":270597,"properties":{"OBJECTID":270597,"PRIMENAME":"FR RT 36 SB to RAMP A101130","ELEVTYP_F":0,"ELEVTYP_T":0},"geometry":{"type":"LineString","coordinates":[[-73.9767241877822,40.3957987627638],[-73.9765744633277,40.3959865355039],[-73.9765070819672,40.3960677186176],[-73.976446830963,40.396152114607],[-73.9763939713136,40.3962393579185],[-73.9763487320058,40.396329070664],[-73.9763051612279,40.3964167890973],[-73.9762701477146,40.3965067202543],[-73.9762438812015,40.3965983768926],[-73.9762265040355,40.3966912624196],[-73.9762202307769,40.3967699085539],[-73.9762187800963,40.3968486929939],[-73.9762221551919,40.3969274429738],[-73.9762303486792,40.397005985803],[-73.9762419101516,40.3971279896118],[-73.9762468251369,40.3971715759308],[-73.9762746614198,40.3973713473335],[-73.9762799168323,40.3974764418623],[-73.9762877833455,40.3975814410634],[-73.9762982581309,40.39768630702],[-73.976311337418,40.3977910018632]]}},{"type":"Feature","id":271079,"properties":{"OBJECTID":271079,"PRIMENAME":"Washington Avenue","ELEVTYP_F":0,"ELEVTYP_T":0},"geometry":{"type":"LineString","coordinates":[[-73.9769275959417,40.3630876993028],[-73.9772394428003,40.3631130746089]]}},{"type":"Feature","id":271194,"properties":{"OBJECTID":271194,"PRIMENAME":"Village Road","ELEVTYP_F":0,"ELEVTYP_T":0},"geometry":{"type":"LineString","coordinates":[[-73.9726444178285,40.3566301875662],[-73.9726394158755,40.3567461880676],[-73.9726374179169,40.3570311872844],[-73.9726564162774,40.3570811878319],[-73.9726804155922,40.3570991877303],[-73.9727354167565,40.3571061879419],[-73.9735944174999,40.3571121884953],[-73.9737654879691,40.3571166902595]]}},{"type":"Feature","id":271384,"properties":{"OBJECTID":271384,"PRIMENAME":"Black Point Horseshoe","ELEVTYP_F":0,"ELEVTYP_T":0},"geometry":{"type":"LineString","coordinates":[[-73.9875372919826,40.3752872706328],[-73.98739103688,40.3752522799192],[-73.987162770032,40.3751976821696],[-73.9847198192791,40.3746133287633],[-73.9843958428761,40.3745378481031],[-73.9835602926691,40.3743425065476],[-73.983514981284,40.3743161971745],[-73.9834926571634,40.3742594648653],[-73.9835219845052,40.3741463846692],[-73.9836331220743,40.3737593447629],[-73.9836970170536,40.3735941507686],[-73.9837549019777,40.3734637389691],[-73.9837893736102,40.3734290288406],[-73.9838406908005,40.3734162183401],[-73.983909062026,40.3734121868652],[-73.9839886780194,40.3734256087051],[-73.9842270262196,40.3735268156739],[-73.9843690087202,40.3735753523659],[-73.984550698694,40.3736415248904],[-73.9846926155905,40.3736987359137],[-73.9847607529038,40.3737208081149],[-73.9848461089107,40.3737299183278],[-73.9850113118147,40.3737175596201],[-73.9855467641695,40.3736851337393],[-73.9858828437087,40.3736648317582],[-73.9869598506371,40.3735520389165],[-73.9871754006415,40.3735316289239],[-73.9883216089469,40.373423091275],[-73.9884138527349,40.3733853416976]]}},{"type":"Feature","id":272422,"properties":{"OBJECTID":272422,"PRIMENAME":"Grand Tour","ELEVTYP_F":0,"ELEVTYP_T":0},"geometry":{"type":"LineString","coordinates":[[-73.988175418035,40.3960321251998],[-73.9881857093685,40.3959438582496],[-73.9881997192722,40.3957437704674],[-73.9882072657578,40.3955674544505],[-73.9882020284373,40.3954387933889],[-73.9881776170218,40.3953719225051],[-73.9881286121618,40.3952525928982],[-73.9880180388886,40.3950423734228],[-73.988006295301,40.3950237636839]]}},{"type":"Feature","id":274240,"properties":{"OBJECTID":274240,"PRIMENAME":"Waterview Way","ELEVTYP_F":0,"ELEVTYP_T":0},"geometry":{"type":"LineString","coordinates":[[-73.9768934327617,40.391868036278],[-73.9775056252724,40.3918246578257]]}},{"type":"Feature","id":274440,"properties":{"OBJECTID":274440,"PRIMENAME":"Peninsula Avenue","ELEVTYP_F":0,"ELEVTYP_T":0},"geometry":{"type":"LineString","coordinates":[[-73.9750761560942,40.363531442149],[-73.9754107733975,40.3635315878249]]}},{"type":"Feature","id":274445,"properties":{"OBJECTID":274445,"PRIMENAME":"Tyson Lane","ELEVTYP_F":0,"ELEVTYP_T":0},"geometry":{"type":"LineString","coordinates":[[-73.9829826400804,40.3717053811632],[-73.9826435841579,40.3706282510027],[-73.9824495020211,40.370011035181]]}},{"type":"Feature","id":275166,"properties":{"OBJECTID":275166,"PRIMENAME":"Holly Tree Lane","ELEVTYP_F":0,"ELEVTYP_T":0},"geometry":{"type":"LineString","coordinates":[[-73.9911465563033,40.3713168574137],[-73.9912984694657,40.3712762932361],[-73.9915380318704,40.371216403603],[-73.9917091298944,40.3711779541888],[-73.9919997808582,40.3711400306319],[-73.9929390299473,40.3709826027053],[-73.993088601982,40.370957532337]]}},{"type":"Feature","id":275529,"properties":{"OBJECTID":275529,"PRIMENAME":"North Way","ELEVTYP_F":0,"ELEVTYP_T":0},"geometry":{"type":"LineString","coordinates":[[-73.9768934327617,40.391868036278],[-73.976898475597,40.3919123112784],[-73.9769507651379,40.3923698645305]]}},{"type":"Feature","id":275586,"properties":{"OBJECTID":275586,"PRIMENAME":"Unnamed Segment","ELEVTYP_F":0,"ELEVTYP_T":0},"geometry":{"type":"LineString","coordinates":[[-73.9823414200793,40.3896841942076],[-73.982317420765,40.3897781931929],[-73.9822944219236,40.3899151942638]]}},{"type":"Feature","id":276032,"properties":{"OBJECTID":276032,"PRIMENAME":"Shrewsbury River Bridge","ELEVTYP_F":0,"ELEVTYP_T":0},"geometry":{"type":"LineString","coordinates":[[-73.9747563551401,40.3657466663691],[-73.9745943084651,40.365733768873]]}},{"type":"Feature","id":278238,"properties":{"OBJECTID":278238,"PRIMENAME":"South Peak Street","ELEVTYP_F":0,"ELEVTYP_T":0},"geometry":{"type":"LineString","coordinates":[[-73.9870181314991,40.3967879839371],[-73.9871033424931,40.396829704115],[-73.9872433916946,40.3968983228271],[-73.9873260836985,40.3969645183345],[-73.9873973048808,40.3970328316791],[-73.9874711464779,40.3971296790359],[-73.9875019991311,40.3971701420432],[-73.9875404731135,40.3972206044258]]}},{"type":"Feature","id":279147,"properties":{"OBJECTID":279147,"PRIMENAME":"Shrewsbury Drive","ELEVTYP_F":0,"ELEVTYP_T":0},"geometry":{"type":"LineString","coordinates":[[-73.988389740775,40.3621063726486],[-73.9882863528704,40.3622199768912],[-73.9880743170087,40.3624163074186]]}},{"type":"Feature","id":279165,"properties":{"OBJECTID":279165,"PRIMENAME":"Chestnut Street","ELEVTYP_F":0,"ELEVTYP_T":0},"geometry":{"type":"LineString","coordinates":[[-73.9876201994112,40.3960439405929],[-73.9876106124837,40.3953002609714],[-73.9876148170233,40.3952097713235],[-73.9876154624886,40.3951246193234],[-73.9876261969539,40.3950820899081],[-73.9876437314164,40.3950661902017],[-73.9876856087815,40.3950504262662],[-73.9878006205198,40.3950349592683],[-73.9879363951542,40.3950275719025],[-73.988006295301,40.3950237636839]]}},{"type":"Feature","id":279428,"properties":{"OBJECTID":279428,"PRIMENAME":"Holly Tree Lane","ELEVTYP_F":0,"ELEVTYP_T":0},"geometry":{"type":"LineString","coordinates":[[-73.9881388476568,40.3716955402954],[-73.9882378896597,40.3716982572485],[-73.9883802298248,40.3716945495247],[-73.9891666105436,40.3716065840145],[-73.9898846885185,40.3715182839753],[-73.990408904694,40.3714596248975],[-73.9905798738718,40.3714386095014],[-73.9907794346147,40.3714003138571],[-73.9910417916814,40.3713448361149],[-73.9911465563033,40.3713168574137]]}},{"type":"Feature","id":280278,"properties":{"OBJECTID":280278,"PRIMENAME":"Miller Street","ELEVTYP_F":0,"ELEVTYP_T":0},"geometry":{"type":"LineString","coordinates":[[-73.9882557972209,40.39969477506],[-73.9883416884852,40.3995997609609],[-73.9886234395715,40.399288003634],[-73.9888953636966,40.3989983012177],[-73.9889577333123,40.398931842007]]}},{"type":"Feature","id":281707,"properties":{"OBJECTID":281707,"PRIMENAME":"Unnamed Segment","ELEVTYP_F":0,"ELEVTYP_T":0},"geometry":{"type":"LineString","coordinates":[[-73.9758214167976,40.3472291859992],[-73.97605241885,40.3469581850655],[-73.9760904181078,40.3469281854223],[-73.9761394161115,40.346909184782],[-73.9761934168797,40.3469041857631],[-73.9762464170853,40.3469131863926],[-73.9762934169783,40.3469351859285],[-73.9763274175,40.3469681856705],[-73.9763444167275,40.3470081848383],[-73.976344416795,40.3470501857428],[-73.9763314182419,40.3470791863594],[-73.9762394165855,40.3472021849297],[-73.9761844169628,40.3472881865902]]}},{"type":"Feature","id":282916,"properties":{"OBJECTID":282916,"PRIMENAME":"Highland Avenue","ELEVTYP_F":0,"ELEVTYP_T":0},"geometry":{"type":"LineString","coordinates":[[-73.9813688106113,40.3963873204135],[-73.9815711893132,40.3963774175283],[-73.9816465853749,40.3963777555354],[-73.9817313924294,40.3963799369586],[-73.981825966168,40.3963941127094]]}},{"type":"Feature","id":283487,"properties":{"OBJECTID":283487,"PRIMENAME":"Packer Avenue","ELEVTYP_F":0,"ELEVTYP_T":0},"geometry":{"type":"LineString","coordinates":[[-73.9768392607537,40.3650086126101],[-73.976877308199,40.3647555524763],[-73.9769164337869,40.3645317502138],[-73.976968196779,40.3642841496397],[-73.9770069536869,40.3641079745861],[-73.977018075627,40.3640574040037]]}},{"type":"Feature","id":283795,"properties":{"OBJECTID":283795,"PRIMENAME":"Shrewsbury Way","ELEVTYP_F":0,"ELEVTYP_T":0},"geometry":{"type":"LineString","coordinates":[[-73.9751395717921,40.3796401114767],[-73.9757063378146,40.3796219567834]]}},{"type":"Feature","id":283936,"properties":{"OBJECTID":283936,"PRIMENAME":"Henry Lane","ELEVTYP_F":0,"ELEVTYP_T":0},"geometry":{"type":"LineString","coordinates":[[-73.9757063378146,40.3796219567834],[-73.9757037548146,40.3795893327257],[-73.9756810594423,40.3793032651997]]}},{"type":"Feature","id":286921,"properties":{"OBJECTID":286921,"PRIMENAME":"FR CO 520 EB to RT 36 SB","ELEVTYP_F":0,"ELEVTYP_T":0},"geometry":{"type":"LineString","coordinates":[[-73.9747563551401,40.3657466663691],[-73.9746626893169,40.3657242340897],[-73.9745696085786,40.365700419573],[-73.9744771477858,40.3656752317381],[-73.9743853415671,40.3656486800186],[-73.9743560441568,40.3656325587345],[-73.9743277583283,40.3656154129825],[-73.9743005452572,40.3655972798453],[-73.9742744637987,40.365578198541],[-73.9742495703604,40.3655582103384],[-73.9742259187803,40.3655373584675],[-73.9742035602103,40.3655156880265],[-73.974182543006,40.3654932458837],[-73.9741591564521,40.3654653653267],[-73.9741378395593,40.3654365303122],[-73.9741186587081,40.3654068306358],[-73.9741016736269,40.3653763587852]]}},{"type":"Feature","id":287597,"properties":{"OBJECTID":287597,"PRIMENAME":"Ocean Avenue","ELEVTYP_F":0,"ELEVTYP_T":0},"geometry":{"type":"LineString","coordinates":[[-73.9741233442675,40.3608282182376],[-73.9741296448261,40.360890287998],[-73.9741217692444,40.3610309153338]]}},{"type":"Feature","id":287980,"properties":{"OBJECTID":287980,"PRIMENAME":"Osborne Place","ELEVTYP_F":0,"ELEVTYP_T":0},"geometry":{"type":"LineString","coordinates":[[-73.9742474184008,40.3591561875456],[-73.9744334177958,40.3591661880001],[-73.9758074184238,40.3592011875692]]}},{"type":"Feature","id":288060,"properties":{"OBJECTID":288060,"PRIMENAME":"Shrewsbury Avenue","ELEVTYP_F":0,"ELEVTYP_T":0},"geometry":{"type":"LineString","coordinates":[[-73.9832642767572,40.4003107441884],[-73.9830727821476,40.3993906986456],[-73.9830756632516,40.3993878240677]]}},{"type":"Feature","id":289281,"properties":{"OBJECTID":289281,"PRIMENAME":"Badminton Court","ELEVTYP_F":0,"ELEVTYP_T":0},"geometry":{"type":"LineString","coordinates":[[-73.9750761560942,40.363531442149],[-73.9750747794594,40.3634728812205],[-73.9750679175055,40.3631800766654],[-73.9750653964848,40.3630724820014]]}},{"type":"Feature","id":289589,"properties":{"OBJECTID":289589,"PRIMENAME":"Light House Road","ELEVTYP_F":0,"ELEVTYP_T":0},"geometry":{"type":"LineString","coordinates":[[-73.9861611348907,40.3975164091442],[-73.9861986430989,40.3975081620152],[-73.9862801799296,40.3974663859402],[-73.9863618178282,40.3974112969624],[-73.9863994214871,40.3973816410248],[-73.9864289331704,40.3973583662113],[-73.9864903173988,40.3972987668321],[-73.9865196821283,40.3972523394319],[-73.9865374650555,40.3971991895381],[-73.9865377182161,40.3971658641954],[-73.9865379198658,40.3971393195596],[-73.9865325595656,40.397124946724],[-73.9865180372758,40.3970860024088],[-73.9864579309178,40.3969726346211],[-73.9863607378909,40.3967925869279],[-73.9862661473125,40.3966435715359],[-73.9862173565127,40.396576838715]]}},{"type":"Feature","id":289844,"properties":{"OBJECTID":289844,"PRIMENAME":"Belknap Lane","ELEVTYP_F":0,"ELEVTYP_T":0},"geometry":{"type":"LineString","coordinates":[[-73.9847663801787,40.3687639255635],[-73.984804562389,40.3687175097138],[-73.9849367133431,40.3685569564363],[-73.9850229257019,40.3684528590385],[-73.9850805417522,40.3683616458998],[-73.9851438315977,40.3682748234242],[-73.9851845320285,40.3681661857653],[-73.9852196244884,40.3680399812306],[-73.9852440371462,40.3678267626916],[-73.9852449360937,40.3677086018294]]}},{"type":"Feature","id":290316,"properties":{"OBJECTID":290316,"PRIMENAME":"Bellevue Place","ELEVTYP_F":0,"ELEVTYP_T":0},"geometry":{"type":"LineString","coordinates":[[-73.9758619074579,40.3800904667689],[-73.9758741771068,40.3801191538738],[-73.9758856354864,40.380247816966],[-73.9758961712026,40.3804956987075],[-73.975897872396,40.380535594167]]}},{"type":"Feature","id":292091,"properties":{"OBJECTID":292091,"PRIMENAME":"Rumson Road","ELEVTYP_F":0,"ELEVTYP_T":0},"geometry":{"type":"LineString","coordinates":[[-73.9836916102195,40.3655687691127],[-73.9829280803454,40.3655067762678],[-73.9819053445007,40.3654235771968],[-73.9809806373332,40.3653479466817],[-73.9802521277211,40.3652874650177],[-73.9799999113056,40.3652720289953],[-73.9798223949169,40.3652640939781],[-73.97966349354,40.3652669475326],[-73.9794465028111,40.3652771165664]]}},{"type":"Feature","id":292579,"properties":{"OBJECTID":292579,"PRIMENAME":"Monmouth Avenue","ELEVTYP_F":0,"ELEVTYP_T":0},"geometry":{"type":"LineString","coordinates":[[-73.9889899340542,40.3654831804766],[-73.9889685701021,40.3654133588672],[-73.9885351917585,40.3639961937312],[-73.9880912474651,40.3624744435128],[-73.9880743170087,40.3624163074186]]}},{"type":"Feature","id":293717,"properties":{"OBJECTID":293717,"PRIMENAME":"Bay Street","ELEVTYP_F":0,"ELEVTYP_T":0},"geometry":{"type":"LineString","coordinates":[[-73.9894558484953,40.3986014658881],[-73.989404291378,40.3985770532943],[-73.9892315171541,40.3984952810838],[-73.989101941399,40.3984320915015],[-73.9888956679227,40.3983170352467],[-73.9888285439537,40.3982762204414],[-73.9887854019377,40.3982502524359],[-73.9887376708891,40.3981947816021],[-73.9886565790786,40.3980876636041],[-73.9885612489596,40.3979546782723],[-73.9884708503273,40.3978106511862],[-73.9883853389669,40.3976519318577],[-73.9883236122259,40.3975338087884],[-73.9882571315289,40.3974083352182],[-73.9882097565193,40.3973013111686],[-73.9881862017942,40.3972349385512],[-73.9881809045105,40.3971731490531],[-73.9881773597129,40.3971317911776],[-73.9881875680748,40.3970545054092],[-73.9882122937819,40.3969662204025],[-73.9882809084797,40.3968192456242],[-73.9883103331708,40.3967457231023],[-73.9883203461872,40.3966942137387],[-73.9883062750669,40.3966462760236],[-73.9882486555762,40.3966165655228],[-73.9879939989597,40.3965381063564],[-73.9879207429978,40.3965155460045]]}},{"type":"Feature","id":293927,"properties":{"OBJECTID":293927,"PRIMENAME":"River Way","ELEVTYP_F":0,"ELEVTYP_T":0},"geometry":{"type":"LineString","coordinates":[[-73.9750993402951,40.3791162876889],[-73.9751527999219,40.3791149929264],[-73.9754893887862,40.3791069948211]]}},{"type":"Feature","id":294698,"properties":{"OBJECTID":294698,"PRIMENAME":"Washington Avenue","ELEVTYP_F":0,"ELEVTYP_T":0},"geometry":{"type":"LineString","coordinates":[[-73.9781091371533,40.3631837925998],[-73.9787271309849,40.3632340437757],[-73.9801131790913,40.3633424583818]]}},{"type":"Feature","id":294884,"properties":{"OBJECTID":294884,"PRIMENAME":"Ocean Avenue","ELEVTYP_F":0,"ELEVTYP_T":0},"geometry":{"type":"LineString","coordinates":[[-73.974114335884,40.3619875214265],[-73.9741086770875,40.3623878523919],[-73.9741105185946,40.3624787541002]]}},{"type":"Feature","id":295355,"properties":{"OBJECTID":295355,"PRIMENAME":"Surf Street","ELEVTYP_F":0,"ELEVTYP_T":0},"geometry":{"type":"LineString","coordinates":[[-73.975675917035,40.3606732191156],[-73.9742494926527,40.3606286408268],[-73.9741409996524,40.3606252375925]]}},{"type":"Feature","id":296799,"properties":{"OBJECTID":296799,"PRIMENAME":"Unnamed Segment","ELEVTYP_F":0,"ELEVTYP_T":0},"geometry":{"type":"LineString","coordinates":[[-73.975243417256,40.3483341859081],[-73.9753524186773,40.3483561860992],[-73.9755594159911,40.3483491856238],[-73.9755954183048,40.3483351852439],[-73.9756254170272,40.3483091871008],[-73.9757734163147,40.3480751856099],[-73.9758164155567,40.3480401858021],[-73.9758594175271,40.3480201863107],[-73.9759204169089,40.348007186242],[-73.976162416862,40.3480001865658],[-73.9766044166634,40.3480061864096],[-73.9766394179302,40.3480081857181]]}},{"type":"Feature","id":297050,"properties":{"OBJECTID":297050,"PRIMENAME":"Atlantic Way","ELEVTYP_F":0,"ELEVTYP_T":0},"geometry":{"type":"LineString","coordinates":[[-73.9761639094391,40.3805255442061],[-73.975897872396,40.380535594167]]}},{"type":"Feature","id":297096,"properties":{"OBJECTID":297096,"PRIMENAME":"Rumson Road","ELEVTYP_F":0,"ELEVTYP_T":0},"geometry":{"type":"LineString","coordinates":[[-73.9790178618852,40.3652055682378],[-73.9789922513225,40.3652035588059],[-73.9778562316386,40.3651054563309]]}},{"type":"Feature","id":300683,"properties":{"OBJECTID":300683,"PRIMENAME":"Ocean Avenue","ELEVTYP_F":0,"ELEVTYP_T":0},"geometry":{"type":"LineString","coordinates":[[-73.9737667589935,40.3587199297888],[-73.9737681450819,40.3591482680374]]}},{"type":"Feature","id":300876,"properties":{"OBJECTID":300876,"PRIMENAME":"Unnamed Segment","ELEVTYP_F":0,"ELEVTYP_T":0},"geometry":{"type":"LineString","coordinates":[[-73.9822944219236,40.3899151942638],[-73.9823744206595,40.3899141933195],[-73.9827154207048,40.3899101928895],[-73.9827954217371,40.3899031933795],[-73.982881422651,40.3898661940968],[-73.9829324216246,40.3898311943849],[-73.9829694214651,40.3897961933025],[-73.9830464212054,40.3896811939597]]}},{"type":"Feature","id":301905,"properties":{"OBJECTID":301905,"PRIMENAME":"Portland Road","ELEVTYP_F":0,"ELEVTYP_T":0},"geometry":{"type":"LineString","coordinates":[[-73.9827120466653,40.3966761785573],[-73.9827784524005,40.3961160265997]]}},{"type":"Feature","id":302709,"properties":{"OBJECTID":302709,"PRIMENAME":"Shrewsbury Way","ELEVTYP_F":0,"ELEVTYP_T":0},"geometry":{"type":"LineString","coordinates":[[-73.9745542060754,40.3796588660739],[-73.9746438266813,40.3796560066079],[-73.9751395717921,40.3796401114767]]}},{"type":"Feature","id":302936,"properties":{"OBJECTID":302936,"PRIMENAME":"South Street","ELEVTYP_F":0,"ELEVTYP_T":0},"geometry":{"type":"LineString","coordinates":[[-73.9753350041696,40.3619822216087],[-73.9758589011888,40.361979930815]]}},{"type":"Feature","id":304086,"properties":{"OBJECTID":304086,"PRIMENAME":"Unnamed Segment","ELEVTYP_F":0,"ELEVTYP_T":0},"geometry":{"type":"LineString","coordinates":[[-73.9866179070495,40.392987052936],[-73.986370195854,40.3928833093365],[-73.9861542725315,40.3927663085007],[-73.9859138135155,40.3925497338733],[-73.9857533756145,40.3922644425177],[-73.985592833933,40.391992966331],[-73.9852013562129,40.3916790180434],[-73.9849208646014,40.3915009439162]]}},{"type":"Feature","id":304822,"properties":{"OBJECTID":304822,"PRIMENAME":"Lincoln Avenue","ELEVTYP_F":0,"ELEVTYP_T":0},"geometry":{"type":"LineString","coordinates":[[-73.9770972604795,40.3640646799199],[-73.977018075627,40.3640574040037]]}},{"type":"Feature","id":305280,"properties":{"OBJECTID":305280,"PRIMENAME":"Grand Tour","ELEVTYP_F":0,"ELEVTYP_T":0},"geometry":{"type":"LineString","coordinates":[[-73.9879207429978,40.3965155460045],[-73.9880963329533,40.3962246504117],[-73.9881531369532,40.3961295895751],[-73.9881724203802,40.3960582179551],[-73.988175418035,40.3960321251998]]}},{"type":"Feature","id":305609,"properties":{"OBJECTID":305609,"PRIMENAME":"Belknap West Lane","ELEVTYP_F":0,"ELEVTYP_T":0},"geometry":{"type":"LineString","coordinates":[[-73.9864205827646,40.3678817496765],[-73.9864195629189,40.3678814569406],[-73.9863841869276,40.3678703461715],[-73.9863485206552,40.3678597834968],[-73.9863125625066,40.3678498238488],[-73.986276349406,40.3678404115511],[-73.9862398799632,40.3678315745172],[-73.9862031551428,40.3678233406713],[-73.9861662469808,40.3678156824131],[-73.9861291542989,40.3678085997372],[-73.9860918415605,40.3678021204057],[-73.9860438953159,40.3677923262603],[-73.9859957294376,40.3677830805135],[-73.9859474155371,40.3677744114032],[-73.9858989173379,40.3677662890469],[-73.9858502357906,40.3677587431697],[-73.9858014427255,40.3677517731902],[-73.9857525371694,40.3677453520845],[-73.9857034833867,40.3677395337324],[-73.9856543182948,40.3677342633583],[-73.9856050404687,40.3677295733791],[-73.985565740251,40.3677249475756],[-73.9855262921847,40.3677208740982],[-73.9854868044166,40.3677173768447],[-73.985447203738,40.3677144825087],[-73.9854075270532,40.3677121381162],[-73.9853678092875,40.36771039606],[-73.9853280885225,40.3677092033714],[-73.9852882901461,40.367708616459],[-73.9852485250914,40.3677086024927],[-73.9852449360937,40.3677086018294]]}},{"type":"Feature","id":307122,"properties":{"OBJECTID":307122,"PRIMENAME":"Sunrise Way","ELEVTYP_F":0,"ELEVTYP_T":0},"geometry":{"type":"LineString","coordinates":[[-73.9739457740658,40.3467153538014],[-73.9741164157099,40.3467081860398],[-73.9742814165014,40.3467211849569],[-73.9743204169358,40.3467281855382],[-73.9743924159406,40.346750185979],[-73.9744664156034,40.3467661854289],[-73.974541415807,40.346777186267],[-73.9746184147622,40.3467831858205],[-73.9751594168496,40.3467811864281],[-73.9752684153655,40.346771185697],[-73.9753614174263,40.3467531856871],[-73.9754384155608,40.3467311870897],[-73.9755214183411,40.346695186246],[-73.9755864170427,40.3466571862313],[-73.9756524163513,40.3466051856101],[-73.9757394169569,40.346511185568],[-73.975823418089,40.3464031856729],[-73.9758964167526,40.3462911856095],[-73.9759034166116,40.3462501855174],[-73.9758964174708,40.3462101856603],[-73.9758734169012,40.3461731854115],[-73.9758044167588,40.3461051852753],[-73.9757364153461,40.3460521854463],[-73.9756494160571,40.3459981861953],[-73.9755424178358,40.3459491866734],[-73.9754904167476,40.345933185897],[-73.9753694177993,40.3459121860774],[-73.9753144168101,40.3459091860072],[-73.974699416424,40.3459061856267],[-73.9745654156872,40.3459201864189],[-73.9743734177062,40.3459671863125],[-73.9742684167057,40.3459821849677],[-73.9741614152154,40.3459861856029],[-73.9739908609722,40.3459736998496]]}},{"type":"Feature","id":308325,"properties":{"OBJECTID":308325,"PRIMENAME":"Portland Road","ELEVTYP_F":0,"ELEVTYP_T":0},"geometry":{"type":"LineString","coordinates":[[-73.9833418476107,40.3901222263793],[-73.9834189435321,40.3900951156028],[-73.983518894594,40.3900669846559],[-73.9836124169263,40.3900625712765],[-73.98374323751,40.3900727355383],[-73.9838863347028,40.3901067287283],[-73.9840417809019,40.3901503020458],[-73.9840706379043,40.3901606440943]]}},{"type":"Feature","id":309286,"properties":{"OBJECTID":309286,"PRIMENAME":"Ocean Avenue","ELEVTYP_F":0,"ELEVTYP_T":0},"geometry":{"type":"LineString","coordinates":[[-73.9739941720378,40.3458718910269],[-73.9739939961795,40.3458769518799],[-73.9739908609722,40.3459736998496]]}},{"type":"Feature","id":310056,"properties":{"OBJECTID":310056,"PRIMENAME":"East Surf Street","ELEVTYP_F":0,"ELEVTYP_T":0},"geometry":{"type":"LineString","coordinates":[[-73.9732470166131,40.3607587541382],[-73.9732516013427,40.3607670690833],[-73.9733075787824,40.3607768501669],[-73.9737251439823,40.3607596995967],[-73.973881155641,40.3607532987888]]}},{"type":"Feature","id":312349,"properties":{"OBJECTID":312349,"PRIMENAME":"Hartshorne Lane","ELEVTYP_F":0,"ELEVTYP_T":0},"geometry":{"type":"LineString","coordinates":[[-73.9803733606397,40.3685260018101],[-73.9804999435163,40.368470238645],[-73.9812235578887,40.3683638727437],[-73.9815105709727,40.3683127539214],[-73.9816602316626,40.3682990955006],[-73.9818285522524,40.368290350661],[-73.9819726029187,40.3683108714591]]}},{"type":"Feature","id":313106,"properties":{"OBJECTID":313106,"PRIMENAME":"East Ocean Avenue","ELEVTYP_F":0,"ELEVTYP_T":0},"geometry":{"type":"LineString","coordinates":[[-73.9738840451392,40.3610463322338],[-73.9738880397484,40.3614419589502],[-73.9738685978464,40.3614776676448]]}},{"type":"Feature","id":313343,"properties":{"OBJECTID":313343,"PRIMENAME":"Ocean Avenue","ELEVTYP_F":0,"ELEVTYP_T":0},"geometry":{"type":"LineString","coordinates":[[-73.9741039292748,40.3656957708602],[-73.9740899241519,40.3660015470353],[-73.9740877850568,40.366276768671],[-73.9740894681659,40.3663115475955],[-73.9740974956716,40.3664773481386]]}},{"type":"Feature","id":314163,"properties":{"OBJECTID":314163,"PRIMENAME":"FR RT 36 SB to HIGHLAND AVE","ELEVTYP_F":0,"ELEVTYP_T":0},"geometry":{"type":"LineString","coordinates":[[-73.9831097192384,40.3972276206511],[-73.9829880565412,40.3971500475128],[-73.9829267036208,40.3971109293783],[-73.9828454010759,40.3970561291711],[-73.9827903650835,40.3970175877067],[-73.9827773334898,40.3970033370969],[-73.982758923305,40.3969832145562],[-73.982743408984,40.396950889556],[-73.9827359105932,40.3968984512434],[-73.9827364193959,40.396831965406],[-73.9827366506837,40.3968017426875],[-73.9827298774539,40.3967718443887],[-73.9827120466653,40.3966761785573]]}},{"type":"Feature","id":315320,"properties":{"OBJECTID":315320,"PRIMENAME":"Ocean Avenue","ELEVTYP_F":0,"ELEVTYP_T":0},"geometry":{"type":"LineString","coordinates":[[-73.9737699204854,40.3536711833183],[-73.9737688876485,40.3538040486245],[-73.9737687700593,40.3538191753853]]}},{"type":"Feature","id":316723,"properties":{"OBJECTID":316723,"PRIMENAME":"Ocean Avenue","ELEVTYP_F":0,"ELEVTYP_T":0},"geometry":{"type":"LineString","coordinates":[[-73.9739635418395,40.3603434618412],[-73.9739748097577,40.3603712665497],[-73.9740527313175,40.3605682305167],[-73.9740749048626,40.3606342704677]]}},{"type":"Feature","id":318240,"properties":{"OBJECTID":318240,"PRIMENAME":"Beach Street","ELEVTYP_F":0,"ELEVTYP_T":0},"geometry":{"type":"LineString","coordinates":[[-73.9756663168717,40.360203008653],[-73.9761653055326,40.3602226747943]]}},{"type":"Feature","id":321204,"properties":{"OBJECTID":321204,"PRIMENAME":"Woodland Street","ELEVTYP_F":0,"ELEVTYP_T":0},"geometry":{"type":"LineString","coordinates":[[-73.9894558484953,40.3986014658881],[-73.9894878238402,40.398518181482],[-73.9894904379743,40.3984810514414],[-73.9894870491432,40.3983164639364],[-73.989478102709,40.3982792549344],[-73.9894667859705,40.3982420624855],[-73.989451091632,40.3981902197742]]}},{"type":"Feature","id":322541,"properties":{"OBJECTID":322541,"PRIMENAME":"Hillside Avenue","ELEVTYP_F":0,"ELEVTYP_T":0},"geometry":{"type":"LineString","coordinates":[[-73.9834767570608,40.3955714186852],[-73.9837137578184,40.395573640734],[-73.9839158627767,40.395583491712],[-73.9840235707261,40.3955889754437]]}},{"type":"Feature","id":322981,"properties":{"OBJECTID":322981,"PRIMENAME":"Unnamed Segment","ELEVTYP_F":0,"ELEVTYP_T":0},"geometry":{"type":"LineString","coordinates":[[-73.9742474184008,40.3591561875456],[-73.9742624169922,40.3586971873651],[-73.974051417192,40.3587051894844],[-73.9739094166375,40.358716188128],[-73.9737667589935,40.3587199297888]]}},{"type":"Feature","id":325051,"properties":{"OBJECTID":325051,"PRIMENAME":"Shrewsbury Terrace","ELEVTYP_F":0,"ELEVTYP_T":0},"geometry":{"type":"LineString","coordinates":[[-73.9834767570608,40.3955714186852],[-73.9834874212226,40.3952291960511],[-73.9834844225961,40.3947311948653]]}},{"type":"Feature","id":328455,"properties":{"OBJECTID":328455,"PRIMENAME":"Highland Avenue","ELEVTYP_F":0,"ELEVTYP_T":0},"geometry":{"type":"LineString","coordinates":[[-73.981825966168,40.3963941127094],[-73.9818796077317,40.3964094235239],[-73.9819783017801,40.3964440928143],[-73.9820557651242,40.3964822712959],[-73.9821450219192,40.3965187003573],[-73.9822600743809,40.3965714573135],[-73.9823282223926,40.3965951818249],[-73.9824222465,40.396624425075],[-73.9825139573081,40.3966482558437],[-73.9825585991419,40.3966646671803],[-73.9826198048805,40.3966721470913],[-73.9827120466653,40.3966761785573]]}},{"type":"Feature","id":328738,"properties":{"OBJECTID":328738,"PRIMENAME":"Valley Avenue","ELEVTYP_F":0,"ELEVTYP_T":0},"geometry":{"type":"LineString","coordinates":[[-73.9903968481443,40.3996922892343],[-73.9905124666413,40.3996258999389],[-73.9907315105277,40.3995101128479],[-73.9908910576514,40.3994321659589],[-73.9909817012499,40.3993968230368],[-73.9911409972524,40.3993570060787],[-73.9912564165574,40.3993408502696],[-73.991316703084,40.3993314525091]]}},{"type":"Feature","id":328953,"properties":{"OBJECTID":328953,"PRIMENAME":"Hillside Avenue","ELEVTYP_F":0,"ELEVTYP_T":0},"geometry":{"type":"LineString","coordinates":[[-73.9828224696438,40.3955669396807],[-73.9829138316371,40.3955924671858],[-73.9832708915322,40.3955990862113],[-73.9833831998241,40.3955900349134],[-73.9834767570608,40.3955714186852]]}},{"type":"Feature","id":329560,"properties":{"OBJECTID":329560,"PRIMENAME":"Ocean Avenue","ELEVTYP_F":0,"ELEVTYP_T":0},"geometry":{"type":"LineString","coordinates":[[-73.9737654879691,40.3571166902595],[-73.9737651068195,40.3572998830698],[-73.9737652947242,40.3576179460193]]}},{"type":"Feature","id":330947,"properties":{"OBJECTID":330947,"PRIMENAME":"Oak Street","ELEVTYP_F":0,"ELEVTYP_T":0},"geometry":{"type":"LineString","coordinates":[[-73.988175418035,40.3960321251998],[-73.9880819059919,40.3960341267741],[-73.9876676728156,40.3960429431804],[-73.9876201994112,40.3960439405929]]}},{"type":"Feature","id":331831,"properties":{"OBJECTID":331831,"PRIMENAME":"State Highway 36","ELEVTYP_F":0,"ELEVTYP_T":0},"geometry":{"type":"LineString","coordinates":[[-73.9759050068158,40.3943998938256],[-73.9759204240889,40.3945267417383],[-73.9759426613238,40.3946734067686],[-73.9759745374785,40.3947807772133]]}},{"type":"Feature","id":332052,"properties":{"OBJECTID":332052,"PRIMENAME":"Portland Road","ELEVTYP_F":0,"ELEVTYP_T":0},"geometry":{"type":"LineString","coordinates":[[-73.9828224696438,40.3955669396807],[-73.9828044839004,40.3954587551213],[-73.9827865792049,40.3953586136571],[-73.9827444995677,40.3952459288796]]}},{"type":"Feature","id":334277,"properties":{"OBJECTID":334277,"PRIMENAME":"South 2nd Street","ELEVTYP_F":0,"ELEVTYP_T":0},"geometry":{"type":"LineString","coordinates":[[-73.9845767413867,40.3993532151146],[-73.984822778176,40.3995130641065],[-73.9850460630761,40.3996618036054],[-73.9850875643896,40.39969105934]]}},{"type":"Feature","id":335335,"properties":{"OBJECTID":335335,"PRIMENAME":"South Street","ELEVTYP_F":0,"ELEVTYP_T":0},"geometry":{"type":"LineString","coordinates":[[-73.9830756632516,40.3993878240677],[-73.983248703639,40.3992151627032],[-73.9832982378021,40.3991657244658]]}},{"type":"Feature","id":335570,"properties":{"OBJECTID":335570,"PRIMENAME":"Front Street","ELEVTYP_F":0,"ELEVTYP_T":0},"geometry":{"type":"LineString","coordinates":[[-73.9756663168717,40.360203008653],[-73.9756668615117,40.3602299693112],[-73.975675917035,40.3606732191156]]}},{"type":"Feature","id":335721,"properties":{"OBJECTID":335721,"PRIMENAME":"Ocean Avenue","ELEVTYP_F":0,"ELEVTYP_T":0},"geometry":{"type":"LineString","coordinates":[[-73.9743134626891,40.3758955966852],[-73.9743163917258,40.3759502665607],[-73.9743259856957,40.3760830409698],[-73.9743796867684,40.3768262912517],[-73.9744087191849,40.377298263083],[-73.9744584345165,40.3781206131201],[-73.9744623982715,40.3781832484744]]}},{"type":"Feature","id":335917,"properties":{"OBJECTID":335917,"PRIMENAME":"Ocean Avenue","ELEVTYP_F":0,"ELEVTYP_T":0},"geometry":{"type":"LineString","coordinates":[[-73.9755345594149,40.3914910638866],[-73.9755964809291,40.3919599726267]]}},{"type":"Feature","id":336541,"properties":{"OBJECTID":336541,"PRIMENAME":"Ocean Avenue","ELEVTYP_F":0,"ELEVTYP_T":0},"geometry":{"type":"LineString","coordinates":[[-73.9737592175659,40.3555540720049],[-73.973761854008,40.3558729279533]]}},{"type":"Feature","id":337028,"properties":{"OBJECTID":337028,"PRIMENAME":"Ocean Avenue","ELEVTYP_F":0,"ELEVTYP_T":0},"geometry":{"type":"LineString","coordinates":[[-73.973761854008,40.3558729279533],[-73.9737623325947,40.3559308490279],[-73.9737627327209,40.3559791760383],[-73.9737641002555,40.356144754755]]}},{"type":"Feature","id":337181,"properties":{"OBJECTID":337181,"PRIMENAME":"Church Street","ELEVTYP_F":0,"ELEVTYP_T":0},"geometry":{"type":"LineString","coordinates":[[-73.9741235277955,40.3614743247403],[-73.9742740885969,40.3614723189992],[-73.9760563177427,40.3614279736369]]}},{"type":"Feature","id":339558,"properties":{"OBJECTID":339558,"PRIMENAME":"Ocean Avenue","ELEVTYP_F":0,"ELEVTYP_T":0},"geometry":{"type":"LineString","coordinates":[[-73.9740749048626,40.3606342704677],[-73.9740983983425,40.3607042423389],[-73.9741233442675,40.3608282182376]]}},{"type":"Feature","id":339774,"properties":{"OBJECTID":339774,"PRIMENAME":"Ocean Avenue","ELEVTYP_F":0,"ELEVTYP_T":0},"geometry":{"type":"LineString","coordinates":[[-73.9740050555455,40.3453077328324],[-73.9740012974874,40.3455374049156],[-73.9739999926924,40.3457053774109],[-73.9739957004272,40.3458281858324]]}},{"type":"Feature","id":340265,"properties":{"OBJECTID":340265,"PRIMENAME":"Ocean Avenue","ELEVTYP_F":0,"ELEVTYP_T":0},"geometry":{"type":"LineString","coordinates":[[-73.9738494684538,40.3483345811202],[-73.973821246837,40.3488679795047],[-73.9738076693583,40.3494147857746],[-73.9737959804373,40.3500461796591]]}},{"type":"Feature","id":340913,"properties":{"OBJECTID":340913,"PRIMENAME":"Via Ripa","ELEVTYP_F":0,"ELEVTYP_T":0},"geometry":{"type":"LineString","coordinates":[[-73.9755345594149,40.3914910638866],[-73.9756267063732,40.391483877654],[-73.9761793674601,40.3914407586165]]}},{"type":"Feature","id":342356,"properties":{"OBJECTID":342356,"PRIMENAME":"East New Street","ELEVTYP_F":0,"ELEVTYP_T":0},"geometry":{"type":"LineString","coordinates":[[-73.9731742935103,40.3610907852804],[-73.9737415423689,40.3610552649899],[-73.9738840451392,40.3610463322338]]}},{"type":"Feature","id":342737,"properties":{"OBJECTID":342737,"PRIMENAME":"Hillside Avenue","ELEVTYP_F":0,"ELEVTYP_T":0},"geometry":{"type":"LineString","coordinates":[[-73.9866436093635,40.3976381385063],[-73.9866755128768,40.3976306282835],[-73.9867646487686,40.3976046981775],[-73.986813507361,40.3975917656507],[-73.9868940596152,40.3975614040163],[-73.9869343512776,40.3975418452249],[-73.9869777531538,40.3975003659769],[-73.9869937161691,40.3974834804068],[-73.9870211164489,40.3974544950095],[-73.987050254163,40.3973954106429],[-73.987067900926,40.3973362482769],[-73.9870769182981,40.3972836637478],[-73.987085968014,40.3972266599091],[-73.9870856108015,40.3972240572697]]}},{"type":"Feature","id":343140,"properties":{"OBJECTID":343140,"PRIMENAME":"Hillside Avenue","ELEVTYP_F":0,"ELEVTYP_T":0},"geometry":{"type":"LineString","coordinates":[[-73.9840235707261,40.3955889754437],[-73.9840834216002,40.395588194146]]}},{"type":"Feature","id":344687,"properties":{"OBJECTID":344687,"PRIMENAME":"Hartshorne Lane","ELEVTYP_F":0,"ELEVTYP_T":0},"geometry":{"type":"LineString","coordinates":[[-73.9837015731957,40.3685903209097],[-73.9842182707516,40.3686775349118],[-73.9847663801787,40.3687639255635]]}},{"type":"Feature","id":345505,"properties":{"OBJECTID":345505,"PRIMENAME":"Island View Way","ELEVTYP_F":0,"ELEVTYP_T":0},"geometry":{"type":"LineString","coordinates":[[-73.9756095378236,40.3487580853228],[-73.97673989862,40.3487632045943]]}},{"type":"Feature","id":345801,"properties":{"OBJECTID":345801,"PRIMENAME":"Island View Way","ELEVTYP_F":0,"ELEVTYP_T":0},"geometry":{"type":"LineString","coordinates":[[-73.974743497294,40.3483827719077],[-73.9747617278238,40.3484158671054],[-73.9747739553434,40.3484444993414],[-73.9747858882692,40.3485112619398],[-73.974785111892,40.3486113475996],[-73.9747751048068,40.3487542991858]]}},{"type":"Feature","id":347230,"properties":{"OBJECTID":347230,"PRIMENAME":"Ocean Avenue","ELEVTYP_F":0,"ELEVTYP_T":0},"geometry":{"type":"LineString","coordinates":[[-73.9746776615523,40.3817097668477],[-73.9747240077597,40.3824397262705],[-73.9747573030754,40.3829688988325],[-73.9747759816724,40.3833872104097],[-73.9748130194262,40.3842166664913],[-73.974861604916,40.3851855198066],[-73.9748856443663,40.3857003478295],[-73.9749232211968,40.3862795837624],[-73.9749617410816,40.3867372955591],[-73.9750577104152,40.3876241734843],[-73.9751150386412,40.3880641269587],[-73.97523388283,40.3890154278119],[-73.9752804064893,40.3894172636826],[-73.9752864712745,40.3894696338852],[-73.9753963384546,40.3903708764013],[-73.9754764396541,40.3910200495063],[-73.9755345594149,40.3914910638866]]}},{"type":"Feature","id":347497,"properties":{"OBJECTID":347497,"PRIMENAME":"Ocean Avenue","ELEVTYP_F":0,"ELEVTYP_T":0},"geometry":{"type":"LineString","coordinates":[[-73.9742613856393,40.3750838730637],[-73.9742918795546,40.3754926173958],[-73.9743048097655,40.3757340230102],[-73.9743134626891,40.3758955966852]]}},{"type":"Feature","id":347589,"properties":{"OBJECTID":347589,"PRIMENAME":"Island View Way","ELEVTYP_F":0,"ELEVTYP_T":0},"geometry":{"type":"LineString","coordinates":[[-73.9751083989055,40.3487558121888],[-73.9756095378236,40.3487580853228]]}},{"type":"Feature","id":351014,"properties":{"OBJECTID":351014,"PRIMENAME":"State Highway 36","ELEVTYP_F":1,"ELEVTYP_T":0},"geometry":{"type":"LineString","coordinates":[[-73.9815141982299,40.3965681188801],[-73.9816734927275,40.3966318860976],[-73.9818271569765,40.3967006867728],[-73.9823769584619,40.3969552894431]]}},{"type":"Feature","id":352470,"properties":{"OBJECTID":352470,"PRIMENAME":"South Bay Avenue","ELEVTYP_F":0,"ELEVTYP_T":0},"geometry":{"type":"LineString","coordinates":[[-73.981482381035,40.3966647961547],[-73.9814023231112,40.3965284518579]]}},{"type":"Feature","id":352968,"properties":{"OBJECTID":352968,"PRIMENAME":"Bay Avenue","ELEVTYP_F":0,"ELEVTYP_T":0},"geometry":{"type":"LineString","coordinates":[[-73.9816692474884,40.3970456878588],[-73.9816871184657,40.3970571259644],[-73.9817107342545,40.3970667633145],[-73.9817437520128,40.397069294402],[-73.981771821167,40.3970670371035],[-73.9817917822672,40.3970652199017],[-73.9818021215973,40.3970613817674]]}},{"type":"Feature","id":354757,"properties":{"OBJECTID":354757,"PRIMENAME":"South Bay Avenue","ELEVTYP_F":0,"ELEVTYP_T":0},"geometry":{"type":"LineString","coordinates":[[-73.9814023231112,40.3965284518579],[-73.9813688106113,40.3963873204135]]}},{"type":"Feature","id":355719,"properties":{"OBJECTID":355719,"PRIMENAME":"Bay Avenue","ELEVTYP_F":0,"ELEVTYP_T":0},"geometry":{"type":"LineString","coordinates":[[-73.984345471861,40.3999171386307],[-73.9837894366256,40.3995332718578],[-73.9834482843692,40.3993077704197],[-73.9833925275339,40.3992646147465],[-73.9833120346336,40.3991927432299],[-73.9832982378021,40.3991657244658]]}},{"type":"Feature","id":355795,"properties":{"OBJECTID":355795,"PRIMENAME":"South Bay Avenue","ELEVTYP_F":0,"ELEVTYP_T":0},"geometry":{"type":"LineString","coordinates":[[-73.981482381035,40.3966647961547],[-73.9814758881587,40.3967206581957],[-73.9814817843809,40.3967645324035],[-73.9814996095612,40.396809107663],[-73.9815149467599,40.3968335739321],[-73.9815527738614,40.3968900525922],[-73.9816049036336,40.3969521532243],[-73.9816293935095,40.3970012588503],[-73.9816692474884,40.3970456878588]]}},{"type":"Feature","id":356727,"properties":{"OBJECTID":356727,"PRIMENAME":"State Highway 36","ELEVTYP_F":1,"ELEVTYP_T":1},"geometry":{"type":"LineString","coordinates":[[-73.9813688106113,40.3963873204135],[-73.9812371543695,40.3963391426016],[-73.981049087705,40.3962885238274],[-73.98079598343,40.3962297546353],[-73.9805359647253,40.3961788119316],[-73.9802757864631,40.3961488249722],[-73.9799264253085,40.3961315370933],[-73.9789502606037,40.396137091939]]}},{"type":"Feature","id":357094,"properties":{"OBJECTID":357094,"PRIMENAME":"State Highway 36","ELEVTYP_F":1,"ELEVTYP_T":0},"geometry":{"type":"LineString","coordinates":[[-73.9767893600222,40.3957154771652],[-73.9765523818326,40.3955609334048],[-73.9764060455564,40.395431905029],[-73.976290667544,40.3952872995723]]}},{"type":"Feature","id":357706,"properties":{"OBJECTID":357706,"PRIMENAME":"State Highway 36","ELEVTYP_F":0,"ELEVTYP_T":0},"geometry":{"type":"LineString","coordinates":[[-73.976290667544,40.3952872995723],[-73.9761958890545,40.3951375464747],[-73.9761147146553,40.3950009538744],[-73.9760643368906,40.3948697397951],[-73.9759745374785,40.3947807772133]]}},{"type":"Feature","id":362861,"properties":{"OBJECTID":362861,"PRIMENAME":"State Highway 36","ELEVTYP_F":1,"ELEVTYP_T":1},"geometry":{"type":"LineString","coordinates":[[-73.9768509911731,40.3957545520821],[-73.9767893600222,40.3957154771652]]}},{"type":"Feature","id":363650,"properties":{"OBJECTID":363650,"PRIMENAME":"State Highway 36","ELEVTYP_F":0,"ELEVTYP_T":0},"geometry":{"type":"LineString","coordinates":[[-73.9831097192384,40.3972276206511],[-73.9828617828343,40.3971065762562],[-73.9825278514227,40.3969265002997],[-73.9824171796388,40.396869370788]]}},{"type":"Feature","id":367190,"properties":{"OBJECTID":367190,"PRIMENAME":"Imbrie Place","ELEVTYP_F":0,"ELEVTYP_T":0},"geometry":{"type":"LineString","coordinates":[[-73.9737959804373,40.3500461796591],[-73.9740569444443,40.3501011173665],[-73.9757121970327,40.3501055854356],[-73.9757737034262,40.350089381439],[-73.9759013873414,40.3500557390083]]}},{"type":"Feature","id":370285,"properties":{"OBJECTID":370285,"PRIMENAME":"Bay Avenue","ELEVTYP_F":0,"ELEVTYP_T":0},"geometry":{"type":"LineString","coordinates":[[-73.9832982378021,40.3991657244658],[-73.983170813641,40.3989157023982],[-73.9829983556011,40.3986337717364],[-73.982899886735,40.3984712572973],[-73.9827208560999,40.3982369254648],[-73.9826282335567,40.3981269236564],[-73.9825167971048,40.3980263096291],[-73.9823432116279,40.3979016160143],[-73.9821323604052,40.3977576760429],[-73.9820705048657,40.3976954402273],[-73.9820148608952,40.3976332331043],[-73.9818927223679,40.3974619745948],[-73.9818151395264,40.3973512046161],[-73.981773693358,40.3972676518333]]}},{"type":"Feature","id":371897,"properties":{"OBJECTID":371897,"PRIMENAME":"State Highway 36","ELEVTYP_F":0,"ELEVTYP_T":0},"geometry":{"type":"LineString","coordinates":[[-73.9823769584619,40.3969552894431],[-73.9829169726287,40.397228351224],[-73.9831584375804,40.3973458531684]]}},{"type":"Feature","id":372048,"properties":{"OBJECTID":372048,"PRIMENAME":"State Highway 36","ELEVTYP_F":0,"ELEVTYP_T":1},"geometry":{"type":"LineString","coordinates":[[-73.9824171796388,40.396869370788],[-73.9822616410163,40.3967890838192],[-73.9818383206243,40.3965854707997],[-73.981607073554,40.3964839874929]]}},{"type":"Feature","id":374436,"properties":{"OBJECTID":374436,"PRIMENAME":"South Bay Avenue","ELEVTYP_F":0,"ELEVTYP_T":0},"geometry":{"type":"LineString","coordinates":[[-73.9817783020736,40.3969162193852],[-73.981748576854,40.3969066097079],[-73.9817196846729,40.3968956147545],[-73.9816917358448,40.3968832765054],[-73.9816648370827,40.3968696420702],[-73.9816243005938,40.3968389556012],[-73.9815988807677,40.3968144990838],[-73.9815694670589,40.396783654412],[-73.9815401611681,40.3967395248421],[-73.9814986799061,40.3966864378215],[-73.981482381035,40.3966647961547]]}},{"type":"Feature","id":374966,"properties":{"OBJECTID":374966,"PRIMENAME":"State Highway 36","ELEVTYP_F":0,"ELEVTYP_T":1},"geometry":{"type":"LineString","coordinates":[[-73.9781916375466,40.3962625664553],[-73.9784965211936,40.3962717999866],[-73.9789675131167,40.3962661128319]]}},{"type":"Feature","id":374967,"properties":{"OBJECTID":374967,"PRIMENAME":"State Highway 36","ELEVTYP_F":1,"ELEVTYP_T":1},"geometry":{"type":"LineString","coordinates":[[-73.9789502606037,40.396137091939],[-73.9786414572031,40.3961388477805],[-73.978151493162,40.3961366376196],[-73.9779254993693,40.3961172804163],[-73.9777269546845,40.3960928059156],[-73.9775798658728,40.3960607063561],[-73.9773405507983,40.3959915120287],[-73.9771561185393,40.3959147054712],[-73.9770024642274,40.3958418133218],[-73.9768509911731,40.3957545520821]]}},{"type":"Feature","id":375139,"properties":{"OBJECTID":375139,"PRIMENAME":"State Highway 36","ELEVTYP_F":1,"ELEVTYP_T":1},"geometry":{"type":"LineString","coordinates":[[-73.9814023231112,40.3965284518579],[-73.9814617041531,40.3965471056721],[-73.9815141982299,40.3965681188801]]}},{"type":"Feature","id":377522,"properties":{"OBJECTID":377522,"PRIMENAME":"South Bay Avenue","ELEVTYP_F":0,"ELEVTYP_T":0},"geometry":{"type":"LineString","coordinates":[[-73.9813688106113,40.3963873204135],[-73.9813635399512,40.3963654075631],[-73.9813591402715,40.396347121903],[-73.9813337655361,40.3962194960498],[-73.9812914212756,40.3960525098495],[-73.9812676379555,40.3959046581837],[-73.981244220253,40.3957091794777],[-73.9812330794204,40.39553275309],[-73.9812345770643,40.3954920219504]]}},{"type":"Feature","id":377989,"properties":{"OBJECTID":377989,"PRIMENAME":"State Highway 36","ELEVTYP_F":1,"ELEVTYP_T":1},"geometry":{"type":"LineString","coordinates":[[-73.981607073554,40.3964839874929],[-73.9814763329032,40.3964266653338],[-73.9813688106113,40.3963873204135]]}},{"type":"Feature","id":381978,"properties":{"OBJECTID":381978,"PRIMENAME":"State Highway 36","ELEVTYP_F":0,"ELEVTYP_T":1},"geometry":{"type":"LineString","coordinates":[[-73.9789675131167,40.3962661128319],[-73.9800762546117,40.396252716813],[-73.9803673513193,40.3962723641944],[-73.9806513936125,40.3963181752413],[-73.9809147579638,40.3963796107766],[-73.9811233019962,40.3964407997308],[-73.9814023231112,40.3965284518579]]}},{"type":"Feature","id":382018,"properties":{"OBJECTID":382018,"PRIMENAME":"State Highway 36","ELEVTYP_F":1,"ELEVTYP_T":0},"geometry":{"type":"LineString","coordinates":[[-73.9767848705455,40.3958377046318],[-73.9768601923776,40.3958817977243],[-73.9769879065606,40.3959558606552],[-73.9771039523962,40.3960140202775],[-73.9772508180192,40.3960749363827],[-73.9773294427145,40.3960988697137],[-73.9774813385817,40.3961419773477],[-73.9775756091055,40.3961680950177],[-73.977719271494,40.3962001791062],[-73.977845882852,40.3962217088503],[-73.9779999265924,40.3962407432292],[-73.9781916375466,40.3962625664553]]}},{"type":"Feature","id":382132,"properties":{"OBJECTID":382132,"PRIMENAME":"Navesink Avenue","ELEVTYP_F":0,"ELEVTYP_T":0},"geometry":{"type":"LineString","coordinates":[[-73.9831584375804,40.3973458531684],[-73.9834806076582,40.3975025319169],[-73.9844075260847,40.3979534709504],[-73.9846823491381,40.3980904993607],[-73.9849430699461,40.3982310875849],[-73.9851851481098,40.3983679968571],[-73.9854505843159,40.3985121462522],[-73.9857345463382,40.3986706796265],[-73.9860092295301,40.3988220334683],[-73.9861862369123,40.3989086072003],[-73.9863213541157,40.3989700125675],[-73.98647044817,40.3990349392161],[-73.9866708586978,40.3991180739136],[-73.9869458253779,40.3992372540509],[-73.98698029573,40.399251582195],[-73.987588972835,40.3995046019411],[-73.9878664613815,40.3996231597121]]}},{"type":"Feature","id":383595,"properties":{"OBJECTID":383595,"PRIMENAME":"Navesink Avenue","ELEVTYP_F":0,"ELEVTYP_T":0},"geometry":{"type":"LineString","coordinates":[[-73.9879309173358,40.3995584638556],[-73.9875896500656,40.3994152774706],[-73.9869809981163,40.3991590488497],[-73.9868859335471,40.3991190285115],[-73.9864711268675,40.398945614754],[-73.9863546355837,40.3988950522715],[-73.9861822680989,40.3988120695598],[-73.9859866983114,40.3987111390313],[-73.9857585100764,40.3985885963099],[-73.9854326847946,40.398401271413],[-73.9848879028859,40.3981057453548],[-73.9844501795598,40.3978786088207],[-73.9839703692986,40.397647686548],[-73.9833788339065,40.3973591084151],[-73.9831097192384,40.3972276206511]]}},{"type":"Feature","id":383736,"properties":{"OBJECTID":383736,"PRIMENAME":"Bay Avenue","ELEVTYP_F":0,"ELEVTYP_T":0},"geometry":{"type":"LineString","coordinates":[[-73.9817783020736,40.3969162193852],[-73.9817703742732,40.3969153874403],[-73.9817623881066,40.3969150011864],[-73.9817543863809,40.396915062694],[-73.9817464119863,40.3969155716332],[-73.9817385076667,40.3969165252761],[-73.9817307157904,40.3969179185111],[-73.981723078123,40.3969197438702],[-73.9817156356034,40.3969219915693],[-73.9817084281246,40.3969246495603],[-73.9817014943198,40.396927703596],[-73.981694871355,40.3969311373065],[-73.9816885947305,40.3969349322864],[-73.9816826980899,40.3969390681942],[-73.9816772130401,40.3969435228608],[-73.9816721689819,40.3969482724086],[-73.9816675929523,40.3969532913792],[-73.9816635094794,40.3969585528702],[-73.9816599404516,40.3969640286793],[-73.9816569049994,40.3969696894553],[-73.9816544193935,40.3969755048557],[-73.9816524969571,40.3969814437089],[-73.9816511479952,40.3969874741817],[-73.9816503797383,40.39699356395],[-73.9816501963047,40.3969996803716],[-73.9816505986778,40.3970057906615],[-73.9816515847009,40.3970118620676],[-73.9816531490889,40.3970178620461],[-73.9816552834567,40.3970237584363],[-73.9816579763637,40.3970295196324],[-73.9816612133758,40.3970351147536],[-73.9816649771421,40.397040513809],[-73.9816692474884,40.3970456878588]]}},{"type":"Feature","id":392035,"properties":{"OBJECTID":392035,"PRIMENAME":"South Bay Avenue","ELEVTYP_F":0,"ELEVTYP_T":0},"geometry":{"type":"LineString","coordinates":[[-73.9812345770643,40.3954920219504],[-73.9812409717907,40.3953183365245],[-73.9812362614256,40.3951181376946],[-73.981193048416,40.3942505547853]]}},{"type":"Feature","id":397337,"properties":{"OBJECTID":397337,"PRIMENAME":"Bay Avenue","ELEVTYP_F":0,"ELEVTYP_T":0},"geometry":{"type":"LineString","coordinates":[[-73.9816692474884,40.3970456878588],[-73.9816889635465,40.3970910335066],[-73.9817208231672,40.3971774677393],[-73.981773693358,40.3972676518333]]}},{"type":"Feature","id":398630,"properties":{"OBJECTID":398630,"PRIMENAME":"Bay Avenue","ELEVTYP_F":0,"ELEVTYP_T":0},"geometry":{"type":"LineString","coordinates":[[-73.9818021215973,40.3970613817674],[-73.9818357584702,40.3970320184587],[-73.981845446856,40.3970159755028],[-73.9818504435926,40.3969882085777],[-73.9818401506823,40.3969581800751],[-73.9818154508878,40.3969361306462],[-73.9817783020736,40.3969162193852]]}},{"type":"Feature","id":398641,"properties":{"OBJECTID":398641,"PRIMENAME":"State Highway 36","ELEVTYP_F":1,"ELEVTYP_T":1},"geometry":{"type":"LineString","coordinates":[[-73.9767241877822,40.3957987627638],[-73.9767848705455,40.3958377046318]]}},{"type":"Feature","id":402666,"properties":{"OBJECTID":402666,"PRIMENAME":"Avenue of Two Rivers South","ELEVTYP_F":0,"ELEVTYP_T":0},"geometry":{"type":"LineString","coordinates":[[-73.9892758716518,40.3611308634022],[-73.9892172206328,40.3610564297264],[-73.9887914171287,40.3605159987465],[-73.9883964450276,40.3600233594404],[-73.9882481379165,40.3598559330023],[-73.9878409013499,40.3593346049819],[-73.9875754048237,40.3590188866044],[-73.9873037758956,40.3586888372251],[-73.9872880256831,40.3586695376634],[-73.9870383214765,40.3583635636975],[-73.9865508368795,40.3577466180118],[-73.985834801976,40.3568712643789]]}},{"type":"Feature","id":402672,"properties":{"OBJECTID":402672,"PRIMENAME":"Avenue of Two Rivers","ELEVTYP_F":0,"ELEVTYP_T":0},"geometry":{"type":"LineString","coordinates":[[-73.9928682038113,40.3675272634356],[-73.9927585574893,40.3673935318536],[-73.9920051246578,40.3664942260117],[-73.9911319758146,40.3654379118088],[-73.9910158930317,40.3652974782222],[-73.9908687999493,40.3651195230346]]}},{"type":"Feature","id":402693,"properties":{"OBJECTID":402693,"PRIMENAME":"Avenue of Two Rivers","ELEVTYP_F":0,"ELEVTYP_T":0},"geometry":{"type":"LineString","coordinates":[[-73.988389740775,40.3621063726486],[-73.9885224803365,40.3623020598785],[-73.9892139533754,40.3631391281976],[-73.9900413463672,40.3641340915805],[-73.9903809446505,40.3645454713595],[-73.9906978482198,40.3649183672907],[-73.9908687999493,40.3651195230346]]}},{"type":"Feature","id":403708,"properties":{"OBJECTID":403708,"PRIMENAME":"Portland Road","ELEVTYP_F":0,"ELEVTYP_T":0},"geometry":{"type":"LineString","coordinates":[[-73.9880634883313,40.391506252394],[-73.9883922201773,40.3913022120065],[-73.9884777404524,40.3912144578958]]}},{"type":"Feature","id":403709,"properties":{"OBJECTID":403709,"PRIMENAME":"Unnamed Segment","ELEVTYP_F":0,"ELEVTYP_T":0},"geometry":{"type":"LineString","coordinates":[[-73.9920607957851,40.3924062059045],[-73.9919628796561,40.3923696806811],[-73.9917905467326,40.3922998359813],[-73.9916690803533,40.3922572483496],[-73.9915240661161,40.3922115534022],[-73.9913828447126,40.3921838986269],[-73.9912298161268,40.3921591944752],[-73.9910216531702,40.3921522711274],[-73.9907671511988,40.3921467131685],[-73.9906603024265,40.3921469784064],[-73.9905706504519,40.3921473544321],[-73.9905168030976,40.3921460348518],[-73.9904632367124,40.3921416320191],[-73.9904102528527,40.3921341707202],[-73.9903581497952,40.3921236929591],[-73.9903072208579,40.3921102577212],[-73.9902577527485,40.3920939406413],[-73.9902100239501,40.3920748335776],[-73.9901643031538,40.3920530440946],[-73.9891352896447,40.391520636533],[-73.9888630533418,40.391397911516],[-73.9885511149939,40.3912712140537],[-73.9884777404524,40.3912144578958]]}},{"type":"Feature","id":403710,"properties":{"OBJECTID":403710,"PRIMENAME":"Boonker Loop","ELEVTYP_F":0,"ELEVTYP_T":0},"geometry":{"type":"LineString","coordinates":[[-73.9884777404524,40.3912144578958],[-73.9885567990768,40.3911763005859],[-73.9888608712444,40.3910295405728]]}},{"type":"Feature","id":403711,"properties":{"OBJECTID":403711,"PRIMENAME":"Battery Loop Trail","ELEVTYP_F":0,"ELEVTYP_T":0},"geometry":{"type":"LineString","coordinates":[[-73.9883196806202,40.3909927470454],[-73.98838489891,40.3909211048344],[-73.9887154400062,40.3905580025773],[-73.9891008356367,40.3901647621106],[-73.9891825068015,40.3900878900386]]}},{"type":"Feature","id":403712,"properties":{"OBJECTID":403712,"PRIMENAME":"Unnamed Segment","ELEVTYP_F":0,"ELEVTYP_T":0},"geometry":{"type":"LineString","coordinates":[[-73.9891825068015,40.3900878900386],[-73.9891413127953,40.3900662042964],[-73.9890176417733,40.3900010997548],[-73.9886193789357,40.3898739651294],[-73.9885591181155,40.389852658662],[-73.9885011231378,40.3898279478682],[-73.9884457223617,40.3897999726582],[-73.9883932294571,40.3897688914246],[-73.9883439416285,40.3897348801457],[-73.9882981379326,40.3896981313893],[-73.9882560776979,40.389658853222],[-73.9882179990569,40.3896172680312],[-73.9881841175973,40.389573611266],[-73.9881546251423,40.3895281301039],[-73.988129688664,40.3894810820513],[-73.9881094493384,40.3894327334857],[-73.9880940217464,40.389383358147],[-73.9880834932253,40.3893332355881],[-73.9880779233741,40.3892826495918],[-73.988077343717,40.3892318865642]]}},{"type":"Feature","id":403713,"properties":{"OBJECTID":403713,"PRIMENAME":"Unnamed Segment","ELEVTYP_F":0,"ELEVTYP_T":0},"geometry":{"type":"LineString","coordinates":[[-73.988077343717,40.3892318865642],[-73.9880829904654,40.3891727379647],[-73.9880954086405,40.389114197068],[-73.9881145022683,40.3890567162266],[-73.9881401237937,40.3890007396008],[-73.98828457926,40.3887246958055],[-73.9883067865762,40.3886879074081],[-73.9883338514477,40.388653072843],[-73.9883654834985,40.3886205658372],[-73.9884013433542,40.3885907351457],[-73.9884410462836,40.3885639008102],[-73.9884841663262,40.3885403507252],[-73.9885302408623,40.3885203375494],[-73.9885787755761,40.3885040759956],[-73.9887021325492,40.3884793034953],[-73.9888269143762,40.3884511381322],[-73.9889210142117,40.3884259253418],[-73.9889830729879,40.3884111282315],[-73.9890648792622,40.3883913945513],[-73.9892868074679,40.3883356766831],[-73.9893282988005,40.388324457423],[-73.9893706540223,40.3883153184847],[-73.9894136949467,40.3883082983151],[-73.9894572405031,40.3883034264478],[-73.9895011074976,40.3883007233785],[-73.9895451113843,40.3883002004788],[-73.9895890670415,40.3883018599486],[-73.9896327895504,40.3883056948066],[-73.9896760949728,40.3883116889199],[-73.9897188011251,40.3883198170714],[-73.9897607283448,40.3883300450667],[-73.9898017002458,40.388342329877],[-73.9898415444609,40.3883566198209],[-73.9898800933667,40.3883728547811],[-73.9899171847889,40.3883909664582],[-73.9899526626839,40.3884108786569],[-73.9899860485556,40.3884309220288],[-73.9900317872247,40.3884583808293]]}},{"type":"Feature","id":403714,"properties":{"OBJECTID":403714,"PRIMENAME":"Battery Loop Trail","ELEVTYP_F":0,"ELEVTYP_T":0},"geometry":{"type":"LineString","coordinates":[[-73.9900317872247,40.3884583808293],[-73.9900543392556,40.3884312234676],[-73.9900788708779,40.3884050887083],[-73.9901053029879,40.3883800608223],[-73.9901335503538,40.3883562205112],[-73.9901635218913,40.3883336446475],[-73.9901951209566,40.3883124060261],[-73.9902282456582,40.3882925731302],[-73.9902627891857,40.38827420991],[-73.990298640154,40.3882573755771],[-73.9903356829624,40.3882421244128],[-73.9903737981676,40.3882285055939],[-73.9904128628684,40.3882165630336],[-73.9904527511025,40.3882063352399],[-73.990493334252,40.3881978551919],[-73.9905344814587,40.388191150233],[-73.9905760600458,40.3881862419831],[-73.9912833317325,40.3881184064712],[-73.9913376927491,40.3881115621765],[-73.9913912065873,40.388101548265],[-73.9914435576487,40.388088423794],[-73.991494437193,40.3880722661651],[-73.9915435451586,40.388053170668],[-73.9915905919324,40.3880312499186],[-73.9916353000583,40.3880066331943],[-73.9916774058728,40.3879794656722],[-73.9917166610608,40.3879499075723],[-73.9917528341192,40.387918133213],[-73.9917857117229,40.3878843299825],[-73.9918150999824,40.3878486972343],[-73.9918408255874,40.3878114451108],[-73.9918627368286,40.3877727933044],[-73.9918807044925,40.3877329697617],[-73.9918946226231,40.387692209339],[-73.9919044091469,40.3876507524174],[-73.9919100063563,40.3876088434854],[-73.9919113812502,40.3875667296962],[-73.9919085257282,40.3875246594111],[-73.9919014566382,40.3874828807342],[-73.991890215677,40.3874416400495],[-73.991874869144,40.3874011805678],[-73.9918555075503,40.3873617408923],[-73.9918322450845,40.3873235536119],[-73.9918052189392,40.3872868439292],[-73.9917745885021,40.3872518283326],[-73.9917405344155,40.3872187133194],[-73.9917032575111,40.3871876941787],[-73.9916629776257,40.387158953839],[-73.9916199323045,40.3871326617901],[-73.9915743754004,40.3871089730832],[-73.9909224058321,40.3867972595166],[-73.9908411167496,40.386762428732],[-73.9907558334004,40.3867337207395],[-73.9906673422303,40.38671140027],[-73.9905764592634,40.3866956731516],[-73.9904840225775,40.3866866844116],[-73.9903908845767,40.3866845169395],[-73.9902979041314,40.3866891907225],[-73.9902059386595,40.386700662661],[-73.99011583622,40.3867188269666],[-73.9900284276936,40.386743516137],[-73.9899445191214,40.3867745025009],[-73.9898648842725,40.3868115003168],[-73.9897902575092,40.3868541684083],[-73.9897213270153,40.3869021133094],[-73.9896587284501,40.3869548928933],[-73.9896030390866,40.3870120204485],[-73.989076627249,40.387611724916],[-73.9890483441579,40.3876412836694],[-73.9890170248625,40.3876689948628],[-73.9889828749002,40.3876946766345],[-73.9889461183859,40.387718160441],[-73.9889069965416,40.3877392921637],[-73.9888657661133,40.3877579331198],[-73.9888226976857,40.3877739609728],[-73.9887780739064,40.3877872705353],[-73.9887321876313,40.3877977744596],[-73.9886853400021,40.3878054038106],[-73.98863783847,40.3878101085184],[-73.9885899947779,40.3878118577071],[-73.9885421229144,40.3878106398971],[-73.9884945370529,40.3878064630806],[-73.9884475494899,40.3877993546694],[-73.988401468595,40.3877893613145],[-73.9876192270008,40.387593213297],[-73.9874676404833,40.3875361360141],[-73.9872879669648,40.3874965235787],[-73.9870670833345,40.3874143852089],[-73.9868138456213,40.3873391593834],[-73.9866249438109,40.3872995049638],[-73.9864268934217,40.3872492243385],[-73.9862474357732,40.3871813823656],[-73.9861858101123,40.3871635892383]]}},{"type":"Feature","id":403715,"properties":{"OBJECTID":403715,"PRIMENAME":"Battery Loop Trail","ELEVTYP_F":0,"ELEVTYP_T":0},"geometry":{"type":"LineString","coordinates":[[-73.9842627800611,40.3864958357541],[-73.9842612389536,40.3864888002559],[-73.9842556253658,40.38646317892],[-73.9842364778639,40.3864359589219],[-73.9842224971067,40.3864181136774],[-73.9842064216057,40.3864013315862],[-73.9841883886617,40.3863857559827],[-73.9841685522939,40.3863715198967],[-73.9841470819239,40.3863587449172],[-73.9841241609287,40.386347540154],[-73.9840999850748,40.3863380013058],[-73.9840747608459,40.3863302098429],[-73.9837413960839,40.3862406994193],[-73.9836910670118,40.386230016175],[-73.9836393238095,40.3862245636297],[-73.9835870918533,40.3862244392967],[-73.9835353052604,40.3862296453996],[-73.9834848901834,40.3862400888322],[-73.9834367482473,40.3862555828238],[-73.983391740426,40.3862758502793],[-73.9833506716446,40.3863005287345],[-73.98316271581,40.3864299183424],[-73.9831387624746,40.3864480724509],[-73.9831171946387,40.386467898368],[-73.9830982108514,40.3864892135823],[-73.9830819858744,40.3865118218722],[-73.9830686690731,40.3865355151121],[-73.9830583830412,40.3865600751886],[-73.9830512224728,40.3865852760082],[-73.9830472532896,40.3866108855785],[-73.9830431720877,40.3866554131786],[-73.983042622472,40.3866928746429],[-73.9830478209561,40.3867301269775],[-73.9830586958315,40.3867666562511],[-73.9830750970777,40.3868019585071],[-73.9830967984318,40.3868355467159],[-73.9831235005093,40.3868669574942],[-73.9831548349342,40.3868957574978],[-73.9831903694209,40.3869215494005],[-73.9833304594113,40.3870121560229],[-73.9833912651612,40.3870487021945],[-73.983455344132,40.3870818173007],[-73.983522365868,40.3871113305643],[-73.9835919847363,40.3871370897829],[-73.9836634661772,40.3871611562506],[-73.9837082864629,40.3871779426244],[-73.983812128267,40.3872266320723]]}},{"type":"Feature","id":403716,"properties":{"OBJECTID":403716,"PRIMENAME":"Unnamed Segment","ELEVTYP_F":0,"ELEVTYP_T":0},"geometry":{"type":"LineString","coordinates":[[-73.9842627800611,40.3864958357541],[-73.9842347735703,40.3864976246282],[-73.9842073023687,40.3865021594143],[-73.9841488065103,40.3865148884732],[-73.9841176786677,40.3865226971418],[-73.9840875996935,40.3865326225211],[-73.9840588151781,40.386544583572],[-73.9840315601433,40.3865584826344],[-73.9840060571231,40.3865742062247],[-73.9839825143473,40.3865916259618],[-73.9839611240409,40.3866105996164],[-73.9839420608545,40.3866309722709],[-73.9839129341092,40.3866652748],[-73.983880039211,40.3867076794433],[-73.9838517376654,40.3867519797381],[-73.9838282149532,40.3867978853667],[-73.983809625238,40.3868450954905],[-73.9837960903567,40.3868933007216],[-73.9837876990201,40.3869421851497],[-73.9837845062316,40.3869914284132],[-73.9837865329264,40.3870407077978],[-73.9838046243092,40.3871542714763],[-73.983812128267,40.3872266320723]]}},{"type":"Feature","id":403717,"properties":{"OBJECTID":403717,"PRIMENAME":"Unnamed Segment","ELEVTYP_F":0,"ELEVTYP_T":0},"geometry":{"type":"LineString","coordinates":[[-73.988077343717,40.3892318865642],[-73.9879021477285,40.3891063545979],[-73.9877400991825,40.389012295956],[-73.9875928242987,40.388921131473],[-73.9874344749917,40.3888270887931],[-73.9872982340068,40.388744458705],[-73.9871805315694,40.3886562528271],[-73.9870517105768,40.3885708264308],[-73.9868824371807,40.3884541067629],[-73.9867390144881,40.3883431585306],[-73.9866064533736,40.3882633710773],[-73.986473848424,40.3881892411204],[-73.9863079756311,40.3881121352108],[-73.9861877326466,40.3880580226069],[-73.9860770699307,40.3880114187914],[-73.9859937149143,40.3879785593915],[-73.9858830285568,40.3879350994323],[-73.9857983027636,40.387902233797],[-73.9857264066605,40.3878728620137],[-73.9856229637591,40.3878294853554],[-73.9855473174251,40.387795075616],[-73.9854750071511,40.3877567007773],[-73.9854063877777,40.3877145491554],[-73.9853417960314,40.3876688275995],[-73.9851487402743,40.3875222422668],[-73.9850035445254,40.3874568250306],[-73.9845981175333,40.3873047508378],[-73.9843250364937,40.3872017255179],[-73.9842823597919,40.3871885839765],[-73.9842375831106,40.3871805020137],[-73.9841917259065,40.3871776636361],[-73.9841458322363,40.3871801334665],[-73.9841009469871,40.3871878552729],[-73.9840580920872,40.3872006532484],[-73.9840182432401,40.3872182360141],[-73.9839823077109,40.3872402032527],[-73.9839609126207,40.3872552917321],[-73.9839403307384,40.3872653872501],[-73.9839164734884,40.3872694876154],[-73.9838922215882,40.3872670977168],[-73.9838705034089,40.38725850613],[-73.9838655678922,40.3872556254579],[-73.9838495189881,40.3872457151924],[-73.9838264008174,40.3872333245195],[-73.983812128267,40.3872266320723]]}},{"type":"Feature","id":403718,"properties":{"OBJECTID":403718,"PRIMENAME":"Unnamed Segment","ELEVTYP_F":0,"ELEVTYP_T":0},"geometry":{"type":"LineString","coordinates":[[-73.986997290461,40.3867509000049],[-73.987008201453,40.3867441447516],[-73.987018473816,40.3867368274],[-73.9870280581307,40.3867289831535],[-73.9870369082879,40.38672064975],[-73.9870449817103,40.386711867281],[-73.9870522395578,40.3867026779983],[-73.9870586469136,40.3866931261107],[-73.987064172953,40.3866832575716],[-73.9870687910909,40.3866731198578],[-73.9870724791104,40.3866627617409],[-73.987075219269,40.3866522330529],[-73.9870769983847,40.3866415844464],[-73.9870778078987,40.3866308671508],[-73.9870776439168,40.3866201327261],[-73.9870765072287,40.3866094328145],[-73.9870744033031,40.3865988188923],[-73.9870191248364,40.3863728894218]]}},{"type":"Feature","id":403719,"properties":{"OBJECTID":403719,"PRIMENAME":"Battery Loop Trail","ELEVTYP_F":0,"ELEVTYP_T":0},"geometry":{"type":"LineString","coordinates":[[-73.9861858101123,40.3871635892383],[-73.985961951381,40.3870989539612],[-73.9855567324828,40.3869842346466],[-73.9852204625825,40.386905107193],[-73.985016879505,40.3868652244762],[-73.9849782336237,40.3868558136873],[-73.9849412549898,40.3868430745325],[-73.9849064319964,40.3868271752638],[-73.9848742245645,40.38680832587],[-73.9846813641931,40.3866813746483],[-73.9844916975343,40.3865712739776],[-73.9843786999823,40.3865194785195],[-73.9843516324874,40.3865089602176],[-73.9843229135252,40.3865014259838],[-73.9842931024934,40.3864970225722],[-73.9842627800611,40.3864958357541]]}},{"type":"Feature","id":403720,"properties":{"OBJECTID":403720,"PRIMENAME":"Unnamed Segment","ELEVTYP_F":0,"ELEVTYP_T":0},"geometry":{"type":"LineString","coordinates":[[-73.9870191248364,40.3863728894218],[-73.9870173308351,40.3863624878639],[-73.9870170086875,40.3863519991264],[-73.9870181621226,40.3863415446356],[-73.9870207777864,40.3863312454216],[-73.9870248253972,40.3863212207168],[-73.9870302580959,40.3863115865754],[-73.9870370129884,40.3863024545303],[-73.9870450118741,40.3862939303015],[-73.987054162151,40.3862861125724],[-73.9870643578874,40.3862790918475],[-73.9870754810491,40.3862729494043],[-73.9870874028652,40.3862677563528],[-73.9870999853189,40.3862635728118],[-73.9871130827456,40.3862604472135],[-73.9871265435189,40.3862584157422],[-73.9871402118062,40.3862575019158],[-73.9871808873646,40.3862564628327],[-73.9872001944936,40.3862568453378],[-73.9872193068146,40.3862589719862],[-73.98723795582,40.3862628129009],[-73.9872558795114,40.3862683141213],[-73.9872728260799,40.3862753983611],[-73.9872885574443,40.3862839660943],[-73.987302852595,40.3862938969535],[-73.9873155106998,40.3863050514206],[-73.9873263539248,40.3863172727871],[-73.987335229933,40.3863303893557],[-73.9873420140246,40.3863442168522],[-73.9873466108887,40.3863585610146],[-73.9873489559428,40.386373220322],[-73.9873490162397,40.3863879888261],[-73.9873467909308,40.3864026590443],[-73.987342311278,40.3864170248745],[-73.9873021326375,40.3865187248898],[-73.9872901469813,40.3865447183437],[-73.98727511787,40.3865697699948],[-73.9872571699997,40.3865936719851],[-73.987236452284,40.3866162259957],[-73.9872131366189,40.3866372448917],[-73.9871874164567,40.3866565542753],[-73.987159505201,40.3866739939327],[-73.9871296344357,40.3866894191633],[-73.9871289098712,40.3866897563932],[-73.986997290461,40.3867509000049]]}},{"type":"Feature","id":403721,"properties":{"OBJECTID":403721,"PRIMENAME":"Unnamed Segment","ELEVTYP_F":0,"ELEVTYP_T":0},"geometry":{"type":"LineString","coordinates":[[-73.9870191248364,40.3863728894218],[-73.9869059339102,40.3862507516725],[-73.9868847067411,40.3862244564393],[-73.9868680038979,40.3861963178133],[-73.9868560941683,40.3861667886208],[-73.9868491692054,40.386136344065],[-73.9868279057236,40.3859874092743],[-73.9868260837935,40.385967620843],[-73.9868262553929,40.3859477838634],[-73.9868284195055,40.3859280155941],[-73.9868325633375,40.3859084328875],[-73.9868386623925,40.3858891514991],[-73.9868466806166,40.385870285403],[-73.9868565706119,40.3858519461186],[-73.9868682739163,40.385834242051],[-73.9869201739977,40.3857627000118],[-73.9869362401115,40.3857358258049],[-73.9869466734315,40.3857073740298],[-73.9869512225423,40.3856780303184],[-73.986949777827,40.3856485017956],[-73.9869219215788,40.3854642442186]]}},{"type":"Feature","id":403724,"properties":{"OBJECTID":403724,"PRIMENAME":"Battery Loop Trail","ELEVTYP_F":0,"ELEVTYP_T":0},"geometry":{"type":"LineString","coordinates":[[-73.9891825068015,40.3900878900386],[-73.989385955498,40.389896395823],[-73.989626345511,40.3896316294197],[-73.989659481411,40.3895928779853],[-73.9896897168139,40.3895527639071],[-73.9897169561584,40.3895114139758],[-73.9897411133529,40.3894689588885],[-73.9897621120488,40.3894255328347],[-73.9897798858805,40.3893812730729],[-73.9897943786763,40.3893363194966],[-73.9898055446347,40.3892908141916],[-73.9899365261611,40.3886595832885],[-73.9899508384585,40.3886069097155],[-73.9899716204596,40.3885555117278],[-73.9899986847401,40.3885058528267],[-73.9900317872247,40.3884583808293]]}},{"type":"Feature","id":403725,"properties":{"OBJECTID":403725,"PRIMENAME":"Unnamed Segment","ELEVTYP_F":0,"ELEVTYP_T":0},"geometry":{"type":"LineString","coordinates":[[-73.986997290461,40.3867509000049],[-73.9869637167742,40.386766546552],[-73.986315540271,40.3870066826103],[-73.9862928681155,40.3870164234429],[-73.9862719069093,40.3870281935375],[-73.9862529656621,40.3870418193804],[-73.9862363236055,40.3870571001004],[-73.9862222260774,40.3870738104299],[-73.9862108809048,40.3870917040262],[-73.9862024553399,40.3871105171025],[-73.9861970735947,40.387129972317],[-73.9861858101123,40.3871635892383]]}},{"type":"Feature","id":403728,"properties":{"OBJECTID":403728,"PRIMENAME":"Battery Loop Trail","ELEVTYP_F":0,"ELEVTYP_T":0},"geometry":{"type":"LineString","coordinates":[[-73.9883196806202,40.3909927470454],[-73.988225961479,40.390832105162],[-73.9881016788807,40.3906443815567],[-73.9879574723726,40.3904666874185],[-73.9878464602786,40.3902739624764],[-73.987708794514,40.3901064148161],[-73.9875315883654,40.3899184552062],[-73.9874271559313,40.3897308188208],[-73.9872763755919,40.3895480357578],[-73.987079017437,40.3894004565036],[-73.9868815461429,40.3892680531523],[-73.9865388376075,40.3890945342429],[-73.9863017897057,40.3889467774157],[-73.9861173979478,40.388834665616],[-73.9857241932834,40.3886373977664],[-73.9854916474318,40.3884727118834],[-73.9852874891642,40.3883503938767],[-73.9849777911512,40.3881871341858],[-73.9847143639576,40.3880291396725],[-73.9845235158712,40.3878967617908],[-73.9843195925967,40.3877440896224],[-73.9841882476818,40.387617035434],[-73.9840900179781,40.3874850699239],[-73.983978365447,40.3873783372097],[-73.983812128267,40.3872266320723]]}},{"type":"Feature","id":403729,"properties":{"OBJECTID":403729,"PRIMENAME":"Battery Loop Trail","ELEVTYP_F":0,"ELEVTYP_T":0},"geometry":{"type":"LineString","coordinates":[[-73.9884777404524,40.3912144578958],[-73.9883980458883,40.3911528129581],[-73.9883196806202,40.3909927470454]]}},{"type":"Feature","id":403947,"properties":{"OBJECTID":403947,"PRIMENAME":"Unnamed Segment","ELEVTYP_F":0,"ELEVTYP_T":0},"geometry":{"type":"LineString","coordinates":[[-73.9827449855449,40.3937389145683],[-73.9826848812364,40.393738545723],[-73.9826610701448,40.3937383995682],[-73.9826465065574,40.3937358536128],[-73.982632150055,40.3937326940317],[-73.9826180448281,40.3937289305503],[-73.9826042342938,40.393724574753],[-73.9825907609623,40.3937196400473],[-73.9825776663055,40.3937141416227],[-73.9825649906298,40.3937080964038],[-73.9825527729521,40.3937015229984],[-73.9825410508791,40.3936944416399],[-73.9825298604925,40.3936868741254],[-73.9825192362368,40.3936788437484],[-73.9825092108143,40.393670375227],[-73.9824998150838,40.3936614946281],[-73.9824910779658,40.3936522292869],[-73.9824830263538,40.3936426077228],[-73.9824756850308,40.3936326595517],[-73.9824160259048,40.3935601600809]]}},{"type":"Feature","id":403948,"properties":{"OBJECTID":403948,"PRIMENAME":"Unnamed Segment","ELEVTYP_F":0,"ELEVTYP_T":0},"geometry":{"type":"LineString","coordinates":[[-73.9824160259048,40.3935601600809],[-73.9821314264057,40.3934655801633],[-73.982118346122,40.3934602262239],[-73.982106220159,40.3934536896309],[-73.9820952304808,40.3934460684735],[-73.9820855420001,40.3934374771162],[-73.9820773001032,40.3934280444823],[-73.9820706284687,40.3934179121194],[-73.9820656272114,40.3934072320753],[-73.9820623713803,40.3933961646162],[-73.9820609098317,40.3933848758221],[-73.9820612644971,40.3933735350941],[-73.9820634300535,40.3933623126125],[-73.9820673740031,40.3933513767832],[-73.9820730371621,40.3933408917105],[-73.9820803345475,40.3933310147344],[-73.9820891566534,40.3933218940698],[-73.982099371094,40.3933136665822],[-73.9821067286188,40.3933084244698],[-73.9821196083233,40.3933005929527],[-73.9821339281439,40.3932943934709],[-73.9821493374833,40.3932899778084],[-73.9821654590693,40.3932874540754],[-73.9821818981918,40.3932868840612],[-73.9821982523661,40.3932882817217],[-73.9822141211878,40.3932916128376],[-73.9822291161351,40.393296795852]]}},{"type":"Feature","id":403949,"properties":{"OBJECTID":403949,"PRIMENAME":"Unnamed Segment","ELEVTYP_F":0,"ELEVTYP_T":0},"geometry":{"type":"LineString","coordinates":[[-73.9822291161351,40.393296795852],[-73.9822391788618,40.3933016127386],[-73.9822484674316,40.3933072660796],[-73.9822568634776,40.3933136838334],[-73.982264260007,40.3933207842169],[-73.9822744181869,40.3933317535945],[-73.9822861725709,40.3933448436437],[-73.982297426956,40.3933581881129],[-73.9823081719284,40.3933717758405],[-73.9823183985006,40.3933855954615],[-73.9823280981184,40.3933996354168],[-73.9823372626686,40.3934138839631],[-73.9823458844853,40.3934283291826],[-73.9823539563567,40.3934429589929],[-73.9824160259048,40.3935601600809]]}},{"type":"Feature","id":403950,"properties":{"OBJECTID":403950,"PRIMENAME":"Unnamed Segment","ELEVTYP_F":0,"ELEVTYP_T":0},"geometry":{"type":"LineString","coordinates":[[-73.9822291161351,40.393296795852],[-73.9822595687099,40.3932404429864],[-73.9822561749868,40.3931723202812],[-73.9822540751843,40.3931590172896],[-73.9822491615343,40.39314615523],[-73.9822415660328,40.3931340796142],[-73.9822314927181,40.3931231148275],[-73.9822192121892,40.3931135554151],[-73.9822050543363,40.3931056581699],[-73.9821893994798,40.3930996352339],[-73.9821726681534,40.3930956484],[-73.9820041613841,40.393066828751],[-73.9818736358182,40.3929450660859],[-73.9818454934838,40.3929216648956],[-73.9818140579811,40.3929008582714],[-73.9817797359138,40.3928829153354],[-73.981742971221,40.3928680681696],[-73.9817042394345,40.3928565088135],[-73.9816640415287,40.3928483867809],[-73.9816228974404,40.3928438071254],[-73.9815813393447,40.3928428290822],[-73.9813697208859,40.3928470570479]]}},{"type":"Feature","id":403951,"properties":{"OBJECTID":403951,"PRIMENAME":"Unnamed Segment","ELEVTYP_F":0,"ELEVTYP_T":0},"geometry":{"type":"LineString","coordinates":[[-73.9828037484225,40.3929464991622],[-73.9828631993275,40.392948886065],[-73.98317874279,40.3929615557298],[-73.9831938079232,40.3929637461276],[-73.9832080613475,40.3929680716778],[-73.9832209904777,40.3929743768239],[-73.9832321303528,40.3929824348186],[-73.983241080357,40.3929919558783],[-73.9832475186268,40.393002597604],[-73.9832512136259,40.3930139772948],[-73.9832520324723,40.3930256857108],[-73.9832389166646,40.3932669291308],[-73.9832400036947,40.393287478921],[-73.9832454626046,40.3933076175345],[-73.9832551470124,40.3933268049354],[-73.9832687972249,40.3933445265953],[-73.9832860472012,40.3933603072904],[-73.9833064343682,40.3933737238456],[-73.9833294120251,40.3933844164824],[-73.9833543640033,40.3933920984667],[-73.9837213315406,40.3934818806748]]}},{"type":"Feature","id":403952,"properties":{"OBJECTID":403952,"PRIMENAME":"Unnamed Segment","ELEVTYP_F":0,"ELEVTYP_T":0},"geometry":{"type":"LineString","coordinates":[[-73.982792716901,40.3933531287889],[-73.9828115096076,40.3933536118277],[-73.9828857370837,40.39335552082],[-73.9831700722419,40.3934245122416],[-73.9831933127563,40.3934316748303],[-73.9832148703126,40.3934414409706],[-73.9832342495585,40.393453586255],[-73.9832510051944,40.3934678316082],[-73.9832647522057,40.3934838496986],[-73.9832751747095,40.3935012724607],[-73.9832820332134,40.3935196995515],[-73.9832851701185,40.3935387075504],[-73.9832906919193,40.3936236727458],[-73.9832944158742,40.3936482404803],[-73.9833023194775,40.3936722230333],[-73.9833142663512,40.393695206569],[-73.9833300503475,40.3937167944898],[-73.9833493991054,40.3937366142802],[-73.9833719787504,40.3937543239349],[-73.9833973996559,40.3937696178601],[-73.983425223166,40.3937822321473],[-73.9834495322876,40.393791661493]]}},{"type":"Feature","id":403953,"properties":{"OBJECTID":403953,"PRIMENAME":"Portland Road","ELEVTYP_F":0,"ELEVTYP_T":0},"geometry":{"type":"LineString","coordinates":[[-73.9825558805449,40.3946938836433],[-73.9825872001886,40.3945236861549],[-73.9826703847842,40.394242871404],[-73.982696431813,40.3941000190129],[-73.9827226235299,40.3939380898455],[-73.9827449855449,40.3937389145683]]}},{"type":"Feature","id":403954,"properties":{"OBJECTID":403954,"PRIMENAME":"Portland Road","ELEVTYP_F":0,"ELEVTYP_T":0},"geometry":{"type":"LineString","coordinates":[[-73.9827449855449,40.3937389145683],[-73.9827465176543,40.3937252658764],[-73.9827493644759,40.3936999012001],[-73.9827892178448,40.3933807619718],[-73.982792716901,40.3933531287889]]}},{"type":"Feature","id":403955,"properties":{"OBJECTID":403955,"PRIMENAME":"Portland Road","ELEVTYP_F":0,"ELEVTYP_T":0},"geometry":{"type":"LineString","coordinates":[[-73.982792716901,40.3933531287889],[-73.9828091263227,40.3932235528491],[-73.9828162120891,40.3931092488338],[-73.9828037484225,40.3929464991622]]}}]}
